Run Number,Hits,Average Energy,Extracted Energy (keV),Thickness (cm),,EnergyP,HitsP,MAC
0,3785,0.006222,0.006222,1.50E-06,,1,0.3785,2.40E+05
1,2907,0.00635494,0.006354945,1.98E-06,,0.999999257,0.2907,2.31E+05
10,892,0.00768684,0.007686838,2.47E-06,,1.000000301,0.0892,3.62E+05
100,3705,0.051532756,0.051535566,2.98E-06,,0.999945488,0.3705,1.24E+05
101,3772,0.0526367,0.05263672,3.49E-06,,0.999999622,0.3772,1.03E+05
102,3798,0.0537614,0.053761402,4.01E-06,,0.999999957,0.3798,8.93E+04
103,3881,0.0549101,0.054910116,4.55E-06,,0.999999714,0.3881,7.71E+04
104,3902,0.0560834,0.056083374,5.10E-06,,1.000000472,0.3902,6.84E+04
105,3940,0.0572817,0.0572817,5.65E-06,,0.999999997,0.394,6.10E+04
106,4300,0.0585056,0.058505631,6.22E-06,,0.999999465,0.43,5.02E+04
107,4520,0.0597557,0.059755714,6.81E-06,,0.999999764,0.452,4.32E+04
108,4747,0.0610325,0.061032507,7.40E-06,,0.999999882,0.4747,3.73E+04
109,5095,0.062327038,0.062336581,8.01E-06,,0.999846911,0.5095,3.12E+04
11,910,0.00785108,0.007851081,8.63E-06,,0.999999819,0.091,1.03E+05
110,5290,0.0636685,0.06366852,9.26E-06,,0.999999692,0.529,2.55E+04
111,5533,0.0650289,0.065028917,9.91E-06,,0.999999736,0.5533,2.21E+04
112,5834,0.0664184,0.066418382,1.06E-05,,1.000000269,0.5834,1.89E+04
113,6226,0.0678375,0.067837536,1.12E-05,,0.999999474,0.6226,1.56E+04
114,6475,0.069287,0.069287012,1.19E-05,,0.999999825,0.6475,1.35E+04
115,6709,0.0707675,0.070767459,1.26E-05,,1.000000575,0.6709,1.17E+04
116,7008,0.0722795,0.072279539,1.34E-05,,0.99999946,0.7008,9.85E+03
117,7313,0.073817497,0.073823927,1.41E-05,,0.9999129,0.7313,8.22E+03
118,7652,0.0754013,0.075401314,1.48E-05,,0.999999813,0.7652,6.68E+03
119,4259,0.0770124,0.077012405,1.56E-05,,0.999999937,0.4259,2.02E+04
12,909,0.00801883,0.008018835,1.64E-05,,0.999999435,0.0909,5.42E+04
120,3484,0.0786579,0.07865792,1.72E-05,,0.99999975,0.3484,2.27E+04
121,2332,0.0803386,0.080338594,1.80E-05,,1.000000076,0.2332,2.99E+04
122,1319,0.0820552,0.082055179,1.88E-05,,1.000000257,0.1319,3.98E+04
123,776,0.0838084,0.083808442,1.97E-05,,0.999999499,0.0776,4.81E+04
124,510,0.0855992,0.085599167,2.06E-05,,1.000000388,0.051,5.36E+04
125,524,0.0874282,0.087428154,2.15E-05,,1.000000528,0.0524,5.09E+04
126,523,0.0892962,0.089296221,2.24E-05,,0.999999769,0.0523,4.89E+04
127,638,0.0912042,0.091204202,2.33E-05,,0.999999976,0.0638,4.38E+04
128,839,0.093153,0.093152951,2.42E-05,,1.000000522,0.0839,3.79E+04
129,1142,0.0951433,0.095143339,2.52E-05,,0.999999588,0.1142,3.19E+04
13,931,0.00819017,0.008190172,2.62E-05,,0.999999756,0.0931,3.36E+04
130,1643,0.0971763,0.097176255,2.72E-05,,1.000000459,0.1643,2.46E+04
131,2234,0.0992526,0.099252609,2.82E-05,,0.999999912,0.2234,1.97E+04
132,3214,0.101373,0.101373327,2.93E-05,,0.999996772,0.3214,1.44E+04
133,3395,0.103539,0.103539359,3.04E-05,,0.999996535,0.3395,1.32E+04
134,3344,0.105752,0.105751672,3.15E-05,,1.000003104,0.3344,1.29E+04
135,3336,0.108011,0.108011255,3.26E-05,,0.99999764,0.3336,1.25E+04
136,3293,0.110319,0.110319118,3.37E-05,,0.999998927,0.3293,1.22E+04
137,3314,0.112676,0.112676294,3.49E-05,,0.999997394,0.3314,1.17E+04
138,3362,0.115084,0.115083834,3.61E-05,,1.000001439,0.3362,1.12E+04
139,3430,0.117543,0.117542817,3.73E-05,,1.000001559,0.343,1.06E+04
14,907,0.00836517,0.00836517,3.86E-05,,0.999999951,0.0907,2.30E+04
140,3487,0.120054,0.12005434,3.98E-05,,0.999997169,0.3487,9.79E+03
141,3188,0.12262,0.122619526,4.11E-05,,1.000003862,0.3188,1.03E+04
142,3231,0.12524,0.125239523,4.25E-05,,1.000003809,0.3231,9.85E+03
143,3357,0.127916,0.127915501,4.38E-05,,1.000003903,0.3357,9.22E+03
144,3406,0.130649,0.130648656,4.50E-05,,1.000002635,0.3406,8.87E+03
145,3547,0.13344,0.13344021,4.48E-05,,0.999998428,0.3547,8.57E+03
146,3475,0.136291,0.136291411,4.46E-05,,0.999996987,0.3475,8.78E+03
147,3494,0.139204,0.139203533,4.44E-05,,1.000003357,0.3494,8.77E+03
148,3546,0.142178,0.142177878,4.42E-05,,1.00000086,0.3546,8.69E+03
149,3583,0.145216,0.145215775,4.40E-05,,1.000001548,0.3583,8.64E+03
15,965,0.00854391,0.008543908,4.38E-05,,1.000000235,0.0965,1.98E+04
150,3702,0.148319,0.148318583,4.36E-05,,1.00000281,0.3702,8.44E+03
151,3714,0.151488,0.151487688,4.34E-05,,1.000002057,0.3714,8.46E+03
152,3697,0.154725,0.154724507,4.31E-05,,1.000003183,0.3697,8.54E+03
153,3746,0.15803,0.158030487,4.29E-05,,0.999996916,0.3746,8.47E+03
154,3974,0.161407,0.161407106,4.27E-05,,0.999999346,0.3974,8.01E+03
155,3837,0.164856,0.164855872,4.25E-05,,1.000000778,0.3837,8.36E+03
156,3778,0.168378,0.168378327,4.22E-05,,0.999998057,0.3778,8.54E+03
157,3695,0.171976,0.171976047,4.20E-05,,0.999999729,0.3695,8.79E+03
158,3611,0.175651,0.175650638,4.17E-05,,1.000002061,0.3611,9.04E+03
159,3792,0.179404,0.179403744,4.15E-05,,1.000001428,0.3792,8.66E+03
16,1001,0.00872646,0.008726465,4.12E-05,,0.999999468,0.1001,2.07E+04
160,3850,0.183237,0.183237042,4.09E-05,,0.999999771,0.385,8.64E+03
161,4070,0.187152,0.187152246,4.07E-05,,0.999998687,0.407,8.19E+03
162,4314,0.191151,0.191151105,4.04E-05,,0.99999945,0.4314,7.71E+03
163,4338,0.195235,0.195235408,4.01E-05,,0.999997912,0.4338,7.71E+03
164,4537,0.199407,0.199406979,3.98E-05,,1.000000106,0.4537,7.35E+03
165,4609,0.203668,0.203667684,3.95E-05,,1.000001553,0.4609,7.26E+03
166,4626,0.208019,0.208019426,3.92E-05,,0.99999795,0.4626,7.28E+03
167,4719,0.212464,0.212464152,3.89E-05,,0.999999283,0.4719,7.15E+03
168,4819,0.217004,0.217003848,3.86E-05,,1.000000699,0.4819,7.01E+03
169,4957,0.221641,0.221640543,3.83E-05,,1.000002061,0.4957,6.79E+03
17,996,0.00891292,0.008912922,3.80E-05,,0.999999781,0.0996,2.25E+04
170,4750,0.226376,0.22637631,3.82E-05,,0.999998631,0.475,7.23E+03
171,4694,0.231213,0.231213265,3.83E-05,,0.999998853,0.4694,7.31E+03
172,4652,0.23610861,0.236153571,3.84E-05,,0.999809611,0.4652,7.38E+03
173,4552,0.241199,0.241199436,3.86E-05,,0.999998193,0.4552,7.56E+03
174,4659,0.246353,0.246353115,3.87E-05,,0.999999533,0.4659,7.30E+03
175,4846,0.251617,0.251616912,3.89E-05,,1.000000349,0.4846,6.90E+03
176,4693,0.256993,0.25699318,3.90E-05,,0.999999299,0.4693,7.18E+03
177,4561,0.262484,0.262484322,3.92E-05,,0.999998772,0.4561,7.42E+03
178,4593,0.268093,0.268092793,3.93E-05,,1.000000771,0.4593,7.32E+03
179,4711,0.273821,0.273821099,3.95E-05,,0.999999637,0.4711,7.06E+03
18,606,0.00910336,0.009103363,3.97E-05,,0.99999964,0.0606,2.62E+04
180,4704,0.279672,0.279671802,3.98E-05,,1.000000709,0.4704,7.01E+03
181,4822,0.285648,0.285647515,4.00E-05,,1.000001697,0.4822,6.75E+03
182,4794,0.291721014,0.291750911,4.04E-05,,0.999897526,0.4794,6.74E+03
183,4735,0.297985,0.297984718,4.08E-05,,1.000000947,0.4735,6.79E+03
184,4899,0.304352,0.304351721,4.11E-05,,1.000000916,0.4899,6.43E+03
185,4877,0.310855,0.310854768,4.15E-05,,1.000000748,0.4877,6.41E+03
186,4902,0.317497,0.317496764,4.19E-05,,1.000000744,0.4902,6.31E+03
187,5038,0.324281,0.324280679,4.23E-05,,1.000000991,0.5038,6.01E+03
188,4767,0.33121,0.331209545,4.27E-05,,1.000001375,0.4767,6.43E+03
189,4752,0.338286,0.338286459,4.31E-05,,0.999998643,0.4752,6.40E+03
19,620,0.00929787,0.009297874,4.35E-05,,0.999999597,0.062,2.37E+04
190,4664,0.345515,0.345514585,4.39E-05,,1.000001202,0.4664,6.43E+03
191,4704,0.352897,0.352897153,4.43E-05,,0.999999566,0.4704,6.30E+03
192,4849,0.360437,0.360437464,4.48E-05,,0.999998713,0.4849,5.99E+03
193,4933,0.368139,0.368138888,4.41E-05,,1.000000305,0.4933,5.93E+03
194,4992,0.376005,0.376004867,4.24E-05,,1.000000355,0.4992,6.07E+03
195,4993,0.384039,0.384038917,4.07E-05,,1.000000216,0.4993,6.33E+03
196,4945,0.392245,0.39224463,3.89E-05,,1.000000943,0.4945,6.71E+03
197,4687,0.400626,0.400625674,3.70E-05,,1.000000814,0.4687,7.58E+03
198,4740,0.409186,0.409185794,3.51E-05,,1.000000503,0.474,7.87E+03
199,4844,0.417929,0.417928818,3.32E-05,,1.000000437,0.4844,8.08E+03
2,2377,0.00649073,0.00649073,3.13E-05,,0.999999991,0.2377,1.70E+04
20,813,0.009493986,0.00949654,2.92E-05,,0.999731012,0.0813,3.18E+04
200,4878,0.426859,0.426858652,2.72E-05,,1.000000815,0.4878,9.77E+03
201,4795,0.435979,0.435979289,2.51E-05,,0.999999337,0.4795,1.08E+04
202,4654,0.445295,0.445294806,2.30E-05,,1.000000436,0.4654,1.23E+04
203,4625,0.454809,0.454809366,2.08E-05,,0.999999195,0.4625,1.37E+04
204,4477,0.464527,0.464527223,1.86E-05,,0.99999952,0.4477,1.60E+04
205,4551,0.474453,0.47445272,1.63E-05,,1.00000059,0.4551,1.79E+04
206,4495,0.48459,0.484590294,1.40E-05,,0.999999394,0.4495,2.12E+04
207,4539,0.494944,0.494944476,1.32E-05,,0.999999038,0.4539,2.22E+04
208,4783,0.50552,0.505519895,1.24E-05,,1.000000208,0.4783,2.20E+04
209,4736,0.516321,0.516321277,1.16E-05,,0.999999463,0.4736,2.39E+04
21,986,0.00969945,0.009699452,1.07E-05,,0.999999823,0.0986,8.00E+04
210,4702,0.527353,0.527353451,9.86E-06,,0.999999144,0.4702,2.83E+04
211,4651,0.538621,0.538621349,8.99E-06,,0.999999353,0.4651,3.16E+04
212,4544,0.55013,0.550130006,8.09E-06,,0.999999989,0.4544,3.61E+04
213,4586,0.561885,0.561884567,7.17E-06,,1.00000077,0.4586,4.03E+04
214,4445,0.57389,0.573890287,6.23E-06,,0.9999995,0.4445,4.82E+04
215,4602,0.586153,0.586152531,5.28E-06,,1.0000008,0.4602,5.45E+04
216,4806,0.598677,0.598676781,4.30E-06,,1.000000365,0.4806,6.31E+04
217,4772,0.611469,0.611468636,3.30E-06,,1.000000596,0.4772,8.30E+04
218,4696,0.624534,0.624533812,3.07E-06,,1.000000301,0.4696,9.13E+04
219,4608,0.637878,0.637878151,3.16E-06,,0.999999764,0.4608,9.08E+04
22,1159,0.0099067,0.009906699,3.20E-06,,1.000000129,0.1159,2.49E+05
220,4661,0.651508,0.651507616,3.20E-06,,1.00000059,0.4661,8.84E+04
221,4445,0.665428,0.6654283,3.20E-06,,0.999999549,0.4445,9.38E+04
222,4337,0.679646,0.679646426,3.20E-06,,0.999999373,0.4337,9.67E+04
223,4318,0.694168,0.694168349,3.20E-06,,0.999999497,0.4318,9.72E+04
224,4589,0.709001,0.70900056,3.20E-06,,1.00000062,0.4589,9.02E+04
225,4683,0.72415,0.72414969,3.20E-06,,1.000000429,0.4683,8.78E+04
226,4513,0.739623,0.739622508,3.20E-06,,1.000000665,0.4513,9.21E+04
227,4532,0.755426,0.755425933,3.20E-06,,1.000000089,0.4532,9.16E+04
228,4802,0.771567,0.771567028,3.20E-06,,0.999999964,0.4802,8.49E+04
229,4827,0.788053,0.788053007,3.20E-06,,0.999999991,0.4827,8.43E+04
23,1239,0.0101184,0.010118374,3.33E-06,,1.000002574,0.1239,2.32E+05
230,4582,0.804891,0.80489124,3.52E-06,,0.999999702,0.4582,8.20E+04
231,4434,0.822089,0.822089254,3.60E-06,,0.999999691,0.4434,8.37E+04
232,4646,0.839655,0.839654735,3.60E-06,,1.000000315,0.4646,7.89E+04
233,4949,0.857596,0.857595537,3.64E-06,,1.00000054,0.4949,7.15E+04
234,4820,0.87592,0.875919677,3.74E-06,,1.000000369,0.482,7.23E+04
235,4675,0.894635,0.894635347,3.83E-06,,0.999999613,0.4675,7.35E+04
236,4511,0.913751,0.913750912,3.93E-06,,1.000000097,0.4511,7.51E+04
237,4445,0.933275,0.933274917,4.04E-06,,1.000000089,0.4445,7.43E+04
238,4143,0.953216,0.953216089,4.23E-06,,0.999999906,0.4143,7.71E+04
239,4054,0.973583,0.973583342,4.43E-06,,0.999999649,0.4054,7.55E+04
24,1426,0.0103346,0.010334572,4.71E-06,,1.000002706,0.1426,1.53E+05
240,3898,0.994386,0.99438578,5.00E-06,,1.000000222,0.3898,6.98E+04
241,3995,1.01563,1.0156327,5.00E-06,,0.999997341,0.3995,6.80E+04
242,4220,1.03733,1.037333601,5.00E-06,,0.999996528,0.422,6.39E+04
243,4131,1.059250419,1.059498183,5.00E-06,,0.99976615,0.4131,6.55E+04
244,4199,1.08214,1.082136352,5.00E-06,,1.000003371,0.4199,6.43E+04
245,4181,1.104993567,1.105258229,5.00E-06,,0.999760543,0.4181,6.46E+04
246,4243,1.128333809,1.128874148,5.00E-06,,0.999521347,0.4243,6.35E+04
247,4207,1.151922269,1.152994665,5.09E-06,,0.999069904,0.4207,6.31E+04
248,4171,1.176601819,1.177630563,5.32E-06,,0.999126429,0.4171,6.09E+04
249,4126,1.201203636,1.202792852,5.50E-06,,0.998678728,0.4126,5.97E+04
25,1677,0.010554276,0.01055539,5.50E-06,,0.999894476,0.1677,1.20E+05
250,4231,1.226971998,1.228492782,5.56E-06,,0.998762073,0.4231,5.74E+04
251,4187,1.252977973,1.254741838,6.03E-06,,0.99859424,0.4187,5.36E+04
252,4391,1.278992524,1.281551755,6.51E-06,,0.998003022,0.4391,4.70E+04
253,4248,1.305355942,1.308934517,6.97E-06,,0.99726604,0.4248,4.56E+04
254,4214,1.334373479,1.336902362,7.45E-06,,0.998108401,0.4214,4.31E+04
255,4200,1.364181856,1.365467793,7.50E-06,,0.999058244,0.42,4.29E+04
256,4233,1.391480415,1.394643578,7.64E-06,,0.99773192,0.4233,4.18E+04
257,4223,1.421038726,1.424442759,8.25E-06,,0.997610271,0.4223,3.88E+04
258,4299,1.451852157,1.454878655,8.77E-06,,0.997919759,0.4299,3.57E+04
259,4374,1.482303064,1.485964871,9.24E-06,,0.997535737,0.4374,3.32E+04
26,1796,0.0107809,0.010780925,9.60E-06,,0.999997652,0.1796,6.63E+04
260,4420,1.513874577,1.517715303,9.81E-06,,0.997469403,0.442,3.09E+04
261,4673,1.544714449,1.550144142,1.00E-05,,0.996497298,0.4673,2.82E+04
262,78,1.58327,1.583265885,1.05E-05,,1.000002599,0.0078,1.71E+05
263,4263,1.613007432,1.617095335,1.10E-05,,0.99747207,0.4263,2.88E+04
264,4331,1.647250583,1.651647616,1.15E-05,,0.99733779,0.4331,2.71E+04
265,4505,1.680322376,1.686938171,1.19E-05,,0.996078224,0.4505,2.49E+04
266,4435,1.717772872,1.722982774,1.24E-05,,0.996976231,0.4435,2.44E+04
267,4468,1.751291115,1.759797539,1.29E-05,,0.995166248,0.4468,2.33E+04
268,4422,1.791453673,1.79739892,1.40E-05,,0.996692305,0.4422,2.16E+04
269,4401,1.830488053,1.835803725,1.54E-05,,0.997104444,0.4401,1.98E+04
27,1985,0.0110113,0.01101128,1.63E-05,,1.000001813,0.1985,3.68E+04
270,4220,1.869091831,1.875029121,1.68E-05,,0.996833494,0.422,1.91E+04
271,4199,1.908292095,1.915092642,1.72E-05,,0.996448973,0.4199,1.87E+04
272,4172,1.949360809,1.956012195,1.77E-05,,0.996599517,0.4172,1.84E+04
273,4176,1.98924389,1.997806071,1.83E-05,,0.995714208,0.4176,1.77E+04
274,4213,2.032830868,2.040492951,1.93E-05,,0.996244984,0.4213,1.67E+04
275,4141,2.076960791,2.084091917,2.04E-05,,0.996578306,0.4141,1.60E+04
276,4187,2.121364888,2.128622457,2.23E-05,,0.996590485,0.4187,1.45E+04
277,4335,2.166917316,2.174104476,2.41E-05,,0.996694197,0.4335,1.29E+04
278,4456,2.212957748,2.220558303,2.46E-05,,0.996577188,0.4456,1.22E+04
279,4369,2.2607194,2.268004704,2.55E-05,,0.996787792,0.4369,1.21E+04
28,2257,0.0112466,0.011246557,2.79E-05,,1.000003847,0.2257,1.98E+04
280,4367,2.308070933,2.316464886,3.02E-05,,0.996376396,0.4367,1.02E+04
281,4105,2.356043306,2.365960511,3.26E-05,,0.995808381,0.4105,1.02E+04
282,4193,2.406184282,2.416513703,3.50E-05,,0.995725486,0.4193,9.25E+03
283,4291,2.460539505,2.468147059,3.73E-05,,0.996917707,0.4291,8.43E+03
284,6505,2.50970779,2.520883658,3.97E-05,,0.995566686,0.6505,4.06E+03
285,9445,2.567359983,2.574747074,4.00E-05,,0.997130945,0.9445,5.55E+02
286,9715,2.621248724,2.629761384,4.05E-05,,0.996762953,0.9715,2.94E+02
287,9735,2.67731576,2.685951177,4.28E-05,,0.996784969,0.9735,2.60E+02
288,9754,2.734936305,2.743341571,4.53E-05,,0.996936121,0.9754,2.29E+02
289,9736,2.793362362,2.801958218,4.85E-05,,0.996932197,0.9736,2.28E+02
29,2518,0.0114869,0.011486861,5.19E-05,,1.000003435,0.2518,9.85E+03
290,9748,2.853458676,2.861827321,5.56E-05,,0.997075769,0.9748,1.90E+02
291,9791,2.912745946,2.922975639,5.94E-05,,0.996500247,0.9791,1.54E+02
292,9777,2.97514237,2.985430506,6.00E-05,,0.996553885,0.9777,1.61E+02
293,9785,3.038491237,3.049219838,6.09E-05,,0.996481526,0.9785,1.54E+02
294,9444,3.103732499,3.11437215,6.55E-05,,0.996583693,0.9444,3.43E+02
295,9159,3.167279318,3.180916563,7.03E-05,,0.995712794,0.9159,4.85E+02
296,9209,3.234453266,3.248882822,7.50E-05,,0.99555861,0.9209,4.29E+02
297,9202,3.306151333,3.318301308,7.97E-05,,0.996338495,0.9202,4.03E+02
298,9282,3.378716109,3.389203051,8.79E-05,,0.99690578,0.9282,3.27E+02
299,9303,3.446401092,3.461619742,9.64E-05,,0.995603604,0.9303,2.94E+02
3,1915,0.00662942,0.006629417,0.0001,,1.000000498,0.1915,6.12E+03
30,2700,0.0117323,0.011732299,0.0001,,1.000000093,0.27,4.85E+03
300,9352,3.522654929,3.535583753,0.000104268,,0.996343228,0.9352,2.51E+02
301,9400,3.597644055,3.611128143,0.000113667,,0.996265962,0.94,2.14E+02
302,9436,3.676587335,3.688286681,0.00012,,0.996827973,0.9436,1.89E+02
303,9414,3.752635869,3.767093856,0.00012,,0.996162031,0.9414,1.98E+02
304,9492,3.834326897,3.847584895,0.000122974,,0.996554203,0.9492,1.67E+02
305,9558,3.91248887,3.929795776,0.000136999,,0.995595978,0.9558,1.34E+02
306,9531,4.000091052,4.013763247,0.00015,,0.996593672,0.9531,1.27E+02
307,9534,4.083213258,4.099524841,0.00015,,0.996021104,0.9534,1.28E+02
308,9577,4.167527791,4.187118892,0.00015,,0.995321102,0.9577,1.18E+02
309,9637,4.258812247,4.276584555,0.000163516,,0.995844275,0.9637,9.32E+01
31,2923,0.011983,0.011982982,0.000177767,,1.000001542,0.2923,2.56E+03
310,9597,4.350967758,4.36796182,0.000195709,,0.996109384,0.9597,8.52E+01
311,9647,4.439391059,4.461291532,0.000214661,,0.995091002,0.9647,7.05E+01
312,9718,4.536503143,4.556615408,0.000240103,,0.995586139,0.9718,5.09E+01
313,9675,4.636916845,4.653976058,0.000268457,,0.996334486,0.9675,5.06E+01
314,9734,4.737203727,4.753417002,0.000285551,,0.996589133,0.9734,3.94E+01
315,9704,4.832402711,4.854982688,0.000294977,,0.995349113,0.9704,4.36E+01
316,9742,4.939179979,4.958718516,0.000305929,,0.996059761,0.9742,3.64E+01
317,9749,5.042633565,5.064670854,0.00031859,,0.995648821,0.9749,3.46E+01
318,9757,5.148410048,5.172887064,0.00033215,,0.99526821,0.9757,3.27E+01
319,9778,5.264133533,5.283415516,0.000350812,,0.99635047,0.9778,2.76E+01
32,3172,0.012239,0.01223902,0.000369873,,0.99999833,0.3172,1.15E+03
320,9784,5.369860914,5.396305616,0.000397738,,0.99509948,0.9784,2.49E+01
321,9786,5.489609715,5.511607825,0.000426255,,0.996008767,0.9786,2.23E+01
322,9816,5.607185924,5.629373683,0.000450223,,0.996058574,0.9816,1.85E+01
323,9815,5.724502215,5.749655829,0.000473925,,0.995625196,0.9815,1.80E+01
324,9834,5.848674687,5.87250803,0.000490402,,0.995941539,0.9834,1.57E+01
325,9831,5.971826385,5.997985199,0.000504587,,0.995638733,0.9831,1.57E+01
326,9838,6.100447881,6.126143423,0.00053892,,0.995805593,0.9838,1.41E+01
327,9857,6.233379471,6.257039988,0.000586078,,0.996218577,0.9857,1.15E+01
328,9852,6.368590172,6.390733405,0.000626225,,0.996535103,0.9852,1.09E+01
329,9866,6.500338147,6.527283432,0.00065915,,0.995871899,0.9866,9.90E+00
33,3371,0.0125005,0.01250053,0.000688727,,0.999997592,0.3371,5.85E+02
330,9873,6.641373316,6.666751108,0.000712184,,0.99619338,0.9873,8.63E+00
331,9873,6.782221364,6.809198772,0.000740569,,0.996038094,0.9873,8.38E+00
332,9906,6.927573798,6.954690099,0.000782681,,0.996101005,0.9906,6.32E+00
333,9888,7.076604913,7.103290121,0.000775368,,0.996243261,0.9888,7.18E+00
334,9910,7.228336628,7.255065261,0.000430947,,0.996315866,0.991,1.09E+01
335,9905,7.386787897,7.410083363,8.20E-05,,0.996856248,0.9905,5.73E+01
336,9909,7.540774318,7.568413718,8.41E-05,,0.996348059,0.9909,5.64E+01
337,9902,7.702613231,7.730127098,8.62E-05,,0.996440697,0.9902,5.76E+01
338,9897,7.86757538,7.895295789,9.03E-05,,0.996488997,0.9897,5.69E+01
339,9898,8.035842885,8.063993619,9.55E-05,,0.996509083,0.9898,5.33E+01
34,3578,0.0127676,0.012767627,0.000101775,,0.999997853,0.3578,3.74E+03
340,9899,8.199385229,8.236295995,0.000109072,,0.995518524,0.9899,4.97E+01
341,9901,8.382357424,8.412279935,0.000117877,,0.996442996,0.9901,4.25E+01
342,9908,8.561827535,8.592024103,0.000126544,,0.996485512,0.9908,3.74E+01
343,9911,8.744902549,8.775608842,0.000133558,,0.99650095,0.9911,3.45E+01
344,9904,8.922047333,8.963116215,0.00014092,,0.995418013,0.9904,3.74E+01
345,9898,9.118782253,9.154630035,0.000150248,,0.996084191,0.9898,3.49E+01
346,9901,9.306057922,9.350235907,0.000159775,,0.995275201,0.9901,3.40E+01
347,9923,9.515204699,9.550021267,0.000164544,,0.996354294,0.9923,2.56E+01
348,9926,9.71687512,9.754075416,0.000169295,,0.996186179,0.9926,2.46E+01
349,9915,9.925858071,9.962489565,0.00017609,,0.996323058,0.9915,2.57E+01
35,3731,0.0130404,0.013040432,0.000183367,,0.999997564,0.3731,1.99E+03
350,9896,10.14115646,10.17535687,0.000200876,,0.996638898,0.9896,2.55E+01
351,9924,10.35440434,10.39277249,0.000220545,,0.996308189,0.9924,1.90E+01
352,9928,10.56758785,10.61483361,0.000227538,,0.995549082,0.9928,1.90E+01
353,9916,10.81108949,10.84163947,0.00023468,,0.997182162,0.9916,1.78E+01
354,9934,11.03375888,11.07329147,0.000129642,,0.996429915,0.9934,2.91E+01
355,9944,11.26720358,11.30989315,1.71E-05,,0.996225466,0.9944,2.04E+02
356,9943,11.52765597,11.55155027,1.00E-05,,0.997931507,0.9943,2.88E+02
357,9934,11.766368,11.79837085,1.00E-05,,0.99728752,0.9934,3.46E+02
358,9915,12.02079838,12.05046521,1.00E-05,,0.997538118,0.9915,4.07E+02
359,9921,12.277709,12.30794604,1.00E-05,,0.997543291,0.9921,3.85E+02
36,3980,0.0133191,0.013319065,1.00E-05,,1.000002621,0.398,3.41E+04
360,9884,12.52875553,12.57092844,1.00E-05,,0.996645204,0.9884,5.57E+02
361,9881,12.81064508,12.83952994,1.00E-05,,0.997750318,0.9881,5.27E+02
362,9880,13.08094865,13.11387063,1.09E-05,,0.99748953,0.988,4.97E+02
363,9882,13.36625942,13.39407311,2.95E-05,,0.997923433,0.9882,1.75E+02
364,9886,13.64029318,13.68026265,4.85E-05,,0.997078311,0.9886,1.10E+02
365,9855,13.94373497,13.97256717,5.00E-05,,0.997936514,0.9855,1.23E+02
366,9887,14.22947587,14.27111732,5.00E-05,,0.997082117,0.9887,1.06E+02
367,9841,14.52905042,14.57604656,5.00E-05,,0.996775797,0.9841,1.43E+02
368,9852,14.85475666,14.88749118,5.00E-05,,0.997801206,0.9852,1.27E+02
369,9864,15.16780405,15.20559041,5.00E-05,,0.99751497,0.9864,1.20E+02
37,4077,0.013602183,0.013603652,5.00E-05,,0.999892038,0.4077,6.65E+03
370,9851,15.48343121,15.53048642,5.00E-05,,0.996970139,0.9851,1.34E+02
371,9837,15.81018381,15.86232444,5.00E-05,,0.996712926,0.9837,1.46E+02
372,9854,16.17152724,16.20125281,5.00E-05,,0.99816523,0.9854,1.23E+02
373,9857,16.50930728,16.54742302,5.00E-05,,0.997696575,0.9857,1.24E+02
374,9872,16.86885633,16.9009898,5.00E-05,,0.998098722,0.9872,1.10E+02
375,9847,17.22039782,17.26211121,5.00E-05,,0.997583529,0.9847,1.32E+02
376,9870,17.59200116,17.63094865,5.00E-05,,0.997790959,0.987,1.13E+02
377,9874,17.94068707,18.007667,5.00E-05,,0.996280477,0.9874,1.22E+02
378,9881,18.34551009,18.39243464,5.00E-05,,0.997448704,0.9881,1.08E+02
379,9884,18.74113439,18.78542357,5.00E-05,,0.997642365,0.9884,1.04E+02
38,4167,0.0138943,0.01389432,5.00E-05,,0.999998594,0.4167,6.48E+03
380,9897,19.12872201,19.18680944,5.00E-05,,0.996972533,0.9897,9.92E+01
381,9900,19.54132489,19.59677167,5.00E-05,,0.997170616,0.99,9.54E+01
382,9909,19.96372097,20.01549352,5.00E-05,,0.997413376,0.9909,8.69E+01
383,9904,20.40854653,20.44316215,5.00E-05,,0.998306738,0.9904,8.40E+01
384,9906,20.81845795,20.87996873,5.00E-05,,0.997054077,0.9906,9.18E+01
385,9923,21.27452098,21.32610849,5.00E-05,,0.997581016,0.9923,7.52E+01
386,9912,21.73437307,21.78178087,5.00E-05,,0.997823511,0.9912,8.16E+01
387,9923,22.16702168,22.24718955,5.00E-05,,0.996396495,0.9923,8.40E+01
388,9920,22.66573798,22.72254256,5.00E-05,,0.997500078,0.992,7.80E+01
389,9939,23.14024066,23.20805237,5.00E-05,,0.997078095,0.9939,6.70E+01
39,4316,0.0141912,0.014191198,5.00E-05,,1.000000157,0.4316,6.22E+03
390,9934,23.63395863,23.70393602,5.00E-05,,0.997047858,0.9934,7.10E+01
391,9932,24.15286025,24.21041516,5.00E-05,,0.997622721,0.9932,6.82E+01
392,9949,24.66258952,24.72771617,5.00E-05,,0.997366249,0.9949,5.74E+01
393,9939,25.18509698,25.25607029,5.00E-05,,0.997189852,0.9939,6.62E+01
394,9938,25.72644536,25.79571369,5.00E-05,,0.997314735,0.9938,6.60E+01
395,9935,26.27198728,26.34688758,5.00E-05,,0.997157148,0.9935,6.94E+01
396,9923,26.84994425,26.90983834,5.00E-05,,0.997774268,0.9923,7.38E+01
397,9945,27.37809934,27.4848176,5.00E-05,,0.996117192,0.9945,6.97E+01
398,9962,27.98250279,28.07208237,5.00E-05,,0.996808944,0.9962,5.19E+01
399,9939,28.59587643,28.67189516,5.00E-05,,0.997348667,0.9939,6.50E+01
4,1629,0.00677107,0.006771067,5.00E-05,,1.000000495,0.1629,1.34E+04
40,4407,0.0144944,0.014494419,5.03E-05,,0.999998663,0.4407,6.03E+03
400,9948,29.19600171,29.28452408,5.30E-05,,0.996977162,0.9948,5.76E+01
401,9957,29.81992196,29.91024296,5.58E-05,,0.996980265,0.9957,4.87E+01
402,9940,30.46331748,30.5493315,5.86E-05,,0.997184422,0.994,5.59E+01
403,9927,31.12450739,31.20207537,6.15E-05,,0.997514012,0.9927,5.91E+01
404,9953,31.77408196,31.86876634,6.44E-05,,0.997028929,0.9953,4.42E+01
405,9938,32.48183011,32.54970242,6.74E-05,,0.99791481,0.9938,4.56E+01
406,9934,33.13739954,33.24518797,7.05E-05,,0.996757773,0.9934,5.19E+01
407,9925,33.87724867,33.95553388,7.36E-05,,0.997694479,0.9925,4.95E+01
408,9922,34.59294017,34.68105767,7.68E-05,,0.997459204,0.9922,5.00E+01
409,9937,35.35148047,35.42208363,8.01E-05,,0.998006804,0.9937,3.84E+01
41,4406,0.014802708,0.01480412,8.34E-05,,0.999904614,0.4406,3.64E+03
410,9926,36.07139223,36.17894301,8.68E-05,,0.997027255,0.9926,4.44E+01
411,9917,36.83828336,36.9519741,9.03E-05,,0.996923284,0.9917,4.68E+01
412,9927,37.60366482,37.74152246,9.39E-05,,0.996347322,0.9927,4.33E+01
413,9932,38.41283765,38.54794101,9.75E-05,,0.996495186,0.9932,3.92E+01
414,9920,39.24916999,39.3715902,0.0001,,0.996890646,0.992,4.13E+01
415,9924,40.09381206,40.21283821,0.0001,,0.997040096,0.9924,3.92E+01
416,9922,40.95454553,41.07206106,0.0001,,0.997138797,0.9922,3.96E+01
417,9918,41.78163035,41.94964282,0.0001,,0.995994901,0.9918,4.54E+01
418,9922,42.67609324,42.84597576,0.0001,,0.996035041,0.9922,4.37E+01
419,9899,43.62890264,43.76146054,0.0001,,0.996970899,0.9899,4.88E+01
42,4453,0.0151204,0.015120438,0.0001,,0.999997505,0.4453,3.00E+03
420,9907,44.54953661,44.69650637,0.000137648,,0.996711829,0.9907,3.40E+01
421,9916,45.50654456,45.65153122,0.000187961,,0.996824057,0.9916,2.29E+01
422,9903,46.43267489,46.62696196,0.000239349,,0.99583316,0.9903,2.15E+01
423,9924,47.43815069,47.62323462,0.000291835,,0.996113579,0.9924,1.46E+01
424,9914,48.45702768,48.64079451,0.000345442,,0.996221961,0.9914,1.33E+01
425,9910,49.52103188,49.68009648,0.000400195,,0.996798223,0.991,1.13E+01
426,9912,50.55792637,50.74160509,0.000456118,,0.996380116,0.9912,1.01E+01
427,9912,51.57005235,51.82579483,0.000513236,,0.995065344,0.9912,9.95E+00
428,9910,52.73319862,52.93315032,0.000571574,,0.996222562,0.991,8.31E+00
429,9921,53.84624118,54.06416654,0.000631159,,0.995969135,0.9921,7.02E+00
43,4492,0.0154435,0.015443514,0.000692017,,0.999999075,0.4492,4.28E+02
430,9919,54.95075394,55.21934905,0.000754175,,0.995135852,0.9919,6.39E+00
431,9914,56.17469066,56.3992142,0.000817661,,0.996019031,0.9914,5.72E+00
432,9921,57.32482777,57.60428938,0.000882504,,0.995148597,0.9921,5.37E+00
433,9919,58.5855122,58.83511327,0.000948732,,0.995757617,0.9919,4.83E+00
434,9937,59.8496896,60.09223602,0.001,,0.995963764,0.9937,3.84E+00
435,9928,61.11941121,61.37621955,0.001,,0.995815833,0.9928,4.23E+00
436,9926,62.42632722,62.68763781,0.001,,0.995831545,0.9926,4.30E+00
437,9932,63.70196046,64.02707698,0.001,,0.994922203,0.9932,4.41E+00
438,9935,65.06722022,65.39513579,0.001,,0.994985628,0.9935,4.28E+00
439,9934,66.43580837,66.79242575,0.001,,0.994660811,0.9934,4.44E+00
44,4429,0.0157735,0.015773494,0.001,,1.000000381,0.4429,3.02E+02
440,9926,67.85758523,68.21957143,0.001,,0.994693807,0.9926,4.72E+00
441,9946,69.36539601,69.67721076,0.001,,0.995524868,0.9946,3.67E+00
442,9945,70.86489179,71.16599529,0.001,,0.995768998,0.9945,3.61E+00
443,9949,72.42077232,72.6865905,0.001,,0.996342954,0.9949,3.25E+00
444,9941,73.89713333,74.23967609,0.001,,0.995385988,0.9941,3.90E+00
445,9941,75.4420425,75.82594627,0.001,,0.99493704,0.9941,4.07E+00
446,9945,77.09267788,77.44611009,0.001,,0.995436411,0.9945,3.74E+00
447,9950,78.62856072,79.10089176,0.001,,0.994028752,0.995,4.07E+00
448,9914,80.44397935,80.79103094,0.001,,0.99570433,0.9914,4.79E+00
449,9925,82.11707827,82.51728312,0.001,,0.995150048,0.9925,4.59E+00
45,4307,0.0161105,0.016110524,0.001,,0.99999849,0.4307,3.12E+02
450,9937,83.81278783,84.28041993,0.001,,0.994451474,0.9937,4.40E+00
451,9915,85.70467266,86.08122947,0.001,,0.995625564,0.9915,4.79E+00
452,9924,87.54518684,87.92051668,0.001,,0.995731032,0.9924,4.41E+00
453,9913,89.38904904,89.79910373,0.001,,0.995433644,0.9913,4.93E+00
454,9923,91.38991642,91.71783031,0.001,,0.996424753,0.9923,4.19E+00
455,9923,93.38537916,93.6775541,0.001,,0.996881057,0.9923,4.02E+00
456,9893,95.37521497,95.67915107,0.001,,0.996823382,0.9893,5.16E+00
457,9921,97.33449784,97.72351591,0.001,,0.996019197,0.9921,4.41E+00
458,9919,99.42120859,99.81156245,0.001,,0.996089092,0.9919,4.46E+00
459,9902,101.5663834,101.944224,0.001,,0.996293654,0.9902,5.02E+00
46,4313,0.0164548,0.016454756,0.001,,1.000002677,0.4313,3.11E+02
460,9907,103.7736138,104.1224539,0.001195017,,0.996649712,0.9907,3.94E+00
461,9896,105.9116288,106.3472258,0.001432828,,0.995904011,0.9896,3.76E+00
462,9877,108.173131,108.6195341,0.001675721,,0.995890213,0.9877,3.65E+00
463,9911,110.445243,110.9403946,0.001923804,,0.995536779,0.9911,2.58E+00
464,9877,112.8589645,113.3108446,0.002177187,,0.996012031,0.9877,2.79E+00
465,9897,115.2072394,115.7319437,0.002435985,,0.99546621,0.9897,2.27E+00
466,9895,117.6380835,118.2047741,0.002700312,,0.995205857,0.9895,2.11E+00
467,9878,120.0173491,120.7304412,0.002970287,,0.994093518,0.9878,2.27E+00
468,9885,122.7533381,123.3100739,0.00324603,,0.995485074,0.9885,1.84E+00
469,9877,125.3217079,125.9448254,0.003527665,,0.995052457,0.9877,1.82E+00
47,4151,0.0168063,0.016806343,0.003815318,,0.999997457,0.4151,8.54E+01
470,9872,128.0535132,128.6358732,0.004109117,,0.995472802,0.9872,1.57E+00
471,9882,130.7533967,131.3844204,0.004409194,,0.99519712,0.9882,1.40E+00
472,9849,133.6039424,134.1916954,0.004715682,,0.995620049,0.9849,1.54E+00
473,9868,136.4496089,137.0589531,0.005028719,,0.995554145,0.9868,1.31E+00
474,9879,139.4335881,139.9874752,0.005348445,,0.99604331,0.9879,1.12E+00
475,9878,142.3946043,142.9785706,0.005675002,,0.995915708,0.9878,1.07E+00
476,9858,145.4705084,146.0335764,0.006008537,,0.996144256,0.9858,1.12E+00
477,9849,148.449038,149.1538582,0.006349199,,0.995274542,0.9849,1.16E+00
478,9854,151.7759508,152.3408107,0.006697139,,0.996292131,0.9854,1.02E+00
479,9841,154.9138355,155.5958583,0.007052513,,0.995616703,0.9841,1.07E+00
48,4142,0.0171654,0.017165442,0.007415481,,0.999997563,0.4142,4.40E+01
480,9842,158.0476152,158.9204562,0.007786205,,0.994507686,0.9842,1.02E+00
481,9851,161.5511091,162.3160904,0.008164849,,0.995287089,0.9851,8.95E-01
482,9830,164.9710868,165.7842786,0.008551584,,0.995094879,0.983,9.56E-01
483,9859,168.3393478,169.3265713,0.008946583,,0.994169707,0.9859,8.30E-01
484,9856,171.9970813,172.9445516,0.009350021,,0.994521537,0.9856,7.92E-01
485,9836,175.5578499,176.6398369,0.009762079,,0.993874615,0.9836,8.60E-01
486,9846,179.4720739,180.414079,0.01,,0.99477865,0.9846,7.69E-01
487,9848,183.4175058,184.2689648,0.01,,0.99537926,0.9848,7.39E-01
488,9844,187.0400158,188.2062174,0.01,,0.993803596,0.9844,8.13E-01
489,9826,191.1233825,192.2275969,0.01,,0.994255692,0.9826,8.63E-01
49,3936,0.0175322,0.017532214,0.01,,0.999999216,0.3936,3.45E+01
490,9841,195.04409,196.3349007,0.01,,0.993425465,0.9841,8.38E-01
491,9826,199.5180903,200.5299648,0.01,,0.994953999,0.9826,8.37E-01
492,9817,203.5819514,204.8146643,0.01,,0.993981325,0.9817,9.08E-01
493,9808,207.9669418,209.1909145,0.01,,0.994149016,0.9808,9.35E-01
494,9822,212.182017,213.6606714,0.01,,0.993079426,0.9822,9.22E-01
495,9811,216.6764258,218.2259331,0.01,,0.992899527,0.9811,9.71E-01
496,9826,221.461843,222.8887403,0.01,,0.993598163,0.9826,8.88E-01
497,9829,226.140966,227.651177,0.01,,0.993366118,0.9829,8.85E-01
498,9804,230.9324812,232.5153722,0.010837407,,0.993192317,0.9804,9.10E-01
499,9794,236.0137388,237.4835,0.011893721,,0.993811102,0.9794,8.42E-01
5,1452,0.00691574,0.006915743,0.012972605,,0.999999536,0.1452,5.51E+01
50,3852,0.0179068,0.017906822,0.014074541,,0.999998747,0.3852,2.51E+01
51,3618,0.0182894,0.018289435,0.015200021,,0.999998067,0.3618,2.48E+01
52,3592,0.0186802,0.018680223,0.01634955,,0.999998742,0.3592,2.32E+01
53,3560,0.0190794,0.019079362,0.017523641,,1.000002014,0.356,2.18E+01
54,3505,0.019487,0.019487028,0.018722819,,0.999998564,0.3505,2.07E+01
55,3491,0.0199034,0.019903405,0.019947619,,0.999999751,0.3491,1.95E+01
56,3427,0.0203287,0.020328679,0.021198589,,1.000001053,0.3427,1.87E+01
57,3371,0.020763,0.020763039,0.022476289,,0.999998121,0.3371,1.79E+01
58,3282,0.0212067,0.02120668,0.023781289,,1.000000926,0.3282,1.74E+01
59,3327,0.0216598,0.021659801,0.025114173,,0.999999957,0.3327,1.62E+01
6,1257,0.00706351,0.007063511,0.026475536,,0.999999851,0.1257,2.90E+01
60,3199,0.0221226,0.022122603,0.027865987,,0.999999852,0.3199,1.51E+01
61,3140,0.0225953,0.022595294,0.029286149,,1.000000254,0.314,1.46E+01
62,3161,0.0230781,0.023078085,0.030736654,,1.000000642,0.3161,1.39E+01
63,3116,0.0235712,0.023571192,0.032218152,,1.000000346,0.3116,1.34E+01
64,3123,0.0240748,0.024074835,0.033731306,,0.999998561,0.3123,1.28E+01
65,3110,0.024585673,0.024589239,0.03527679,,0.999854985,0.311,1.23E+01
66,3058,0.0251146,0.025114634,0.036855297,,0.999998646,0.3058,1.19E+01
67,3026,0.0256513,0.025651255,0.038467532,,1.00000174,0.3026,1.15E+01
68,3114,0.0261993,0.026199343,0.040114215,,0.999998373,0.3114,1.08E+01
69,3091,0.0267591,0.026759141,0.041796082,,0.999998475,0.3091,1.04E+01
7,1209,0.00721444,0.007214436,0.043513886,,1.000000521,0.1209,1.80E+01
70,3027,0.0273309,0.0273309,0.045268394,,0.999999995,0.3027,9.78E+00
71,3012,0.0279149,0.027914876,0.04706039,,1.000000853,0.3012,9.44E+00
72,3092,0.0285113,0.02851133,0.048890676,,0.999998949,0.3092,8.89E+00
73,3067,0.0291205,0.029120528,0.050521151,,0.999999035,0.3067,8.66E+00
74,3053,0.0297427,0.029742743,0.051830311,,0.999998558,0.3053,8.48E+00
75,3143,0.0303783,0.030378252,0.053167445,,1.000001564,0.3143,8.06E+00
76,3156,0.0310273,0.031027341,0.054533148,,0.999998681,0.3156,7.83E+00
77,3226,0.0316903,0.031690298,0.055928033,,1.000000051,0.3226,7.49E+00
78,3225,0.0323674,0.032367421,0.057352722,,0.999999347,0.3225,7.31E+00
79,3265,0.033059,0.033059012,0.058807852,,0.999999639,0.3265,7.05E+00
8,1106,0.00736859,0.007368586,0.060294073,,1.000000512,0.1106,1.35E+01
80,3218,0.0337654,0.03376538,0.061812051,,1.000000597,0.3218,6.79E+00
81,3243,0.0344868,0.034486841,0.063362463,,0.999998822,0.3243,6.58E+00
82,3203,0.0352237,0.035223717,0.064946002,,0.999999524,0.3203,6.49E+00
83,3352,0.0359763,0.035976338,0.066563377,,0.999998953,0.3352,6.08E+00
84,3288,0.036745,0.03674504,0.06821531,,0.999998919,0.3288,6.04E+00
85,3364,0.0375302,0.037530167,0.069902539,,1.000000892,0.3364,5.77E+00
86,3391,0.0383321,0.038332069,0.07162582,,1.000000807,0.3391,5.59E+00
87,3291,0.0391511,0.039151106,0.073385921,,0.999999853,0.3291,5.61E+00
88,3371,0.0399876,0.039987643,0.075183631,,0.999998933,0.3371,5.36E+00
89,3302,0.0408421,0.040842054,0.077019751,,1.000001131,0.3302,5.33E+00
9,983,0.00752603,0.00752603,0.078895104,,1.000000011,0.0983,1.09E+01
90,3364,0.0417147,0.041714721,0.080810528,,0.999999496,0.3364,4.99E+00
91,3404,0.042606,0.042606034,0.082766878,,0.999999192,0.3404,4.82E+00
92,3565,0.0435164,0.043516392,0.084765029,,1.000000174,0.3565,4.51E+00
93,3459,0.0444462,0.044446202,0.086805874,,0.999999957,0.3459,4.53E+00
94,3450,0.0453959,0.045395879,0.088890326,,1.000000473,0.345,4.43E+00
95,3587,0.0463658,0.046365847,0.091019317,,0.999998991,0.3587,4.17E+00
96,3508,0.0473565,0.04735654,0.093193797,,0.999999151,0.3508,4.16E+00
97,3544,0.0483684,0.048368402,0.095414738,,0.999999965,0.3544,4.03E+00
98,3715,0.0494019,0.049401883,0.097683135,,1.000000335,0.3715,3.75E+00
99,3689,0.0504574,0.050457448,0.1,,0.999999058,0.3689,3.69E+00
