File,Entries,Mean,Max Energy,E0,Thickness (m),Energy P,HITS P,Intensity,Coeff
E1.root,71,0.0061305,0.0061305,0.0061305,6.00E-08,1,0.0071,0.0071,8.25E+07
E2.root,49,0.006222,0.006222,0.006222,6.00E-08,1,0.0049,0.0049,8.86E+07
E3.root,5,0.01069,0.01069,0.01069,8.00E-08,1,0.0005,0.0005,9.50E+07
E4.root,2,0.0114276,0.0114276,0.01142761,8.00E-08,1.000000875,0.0002,0.0002,1.06E+08
E12.root,1,0.0122161,0.0122161,0.01221612,8.00E-08,1.000001637,0.0001,0.0001,1.15E+08
E33.root,1,0.0139601,0.0139601,0.0139601,8.00E-08,1,0.0001,0.0001,1.15E+08
E5.root,1,0.0238073,0.0238073,0.0238073,8.00E-08,1,0.0001,0.0001,1.15E+08
E6.root,2,0.0272061,0.0272061,0.02720606,8.00E-08,0.99999853,0.0002,0.0002,1.06E+08
E7.root,2,0.0290833,0.0290833,0.02908327,8.00E-08,0.999998968,0.0002,0.0002,1.06E+08
E8.root,14,0.03109,0.03109,0.03109002,8.00E-08,1.000000643,0.0014,0.001400001,8.21E+07
E9.root,19,0.032928,0.032928,0.032928,8.00E-08,1,0.0019,0.0019,7.83E+07
E10.root,25,0.0332352,0.0332352,0.03323523,8.00E-08,1.000000903,0.0025,0.002500002,7.49E+07
E11.root,16,0.033432,0.033432,0.033432,8.00E-08,1,0.0016,0.0016,8.05E+07
E13.root,29,0.0335664,0.0335664,0.0335664,8.00E-08,1,0.0029,0.0029,7.30E+07
E14.root,38,0.033768,0.033768,0.033768,8.00E-08,1,0.0038,0.0038,6.97E+07
E15.root,40,0.034272,0.034272,0.034272,8.00E-08,1,0.004,0.004,6.90E+07
E16.root,50,0.034888,0.034888,0.034888,8.00E-08,1,0.005,0.005,6.62E+07
E17.root,54,0.035422,0.035422,0.035422,8.00E-08,1,0.0054,0.0054,6.53E+07
E18.root,50,0.0355285,0.0355285,0.03552846,8.00E-08,0.999998874,0.005,0.004999994,6.62E+07
E19.root,70,0.0355644,0.0355644,0.0355644,8.00E-08,1,0.007,0.007,6.20E+07
E20.root,71,0.03577,0.03577,0.03577,8.00E-08,1,0.0071,0.0071,6.18E+07
E21.root,74,0.035778,0.035778,0.035778,8.00E-08,1,0.0074,0.0074,6.13E+07
E22.root,59,0.0363175,0.0363175,0.0363175,8.00E-08,1,0.0059,0.0059,6.42E+07
E23.root,78,0.0364635,0.0364635,0.0364635,8.00E-08,1,0.0078,0.0078,6.07E+07
E24.root,83,0.0366825,0.0366825,0.0366825,8.00E-08,1,0.0083,0.0083,5.99E+07
E25.root,76,0.03723,0.03723,0.03723,8.00E-08,1,0.0076,0.0076,6.10E+07
E26.root,115,0.0379799,0.0379799,0.03797993,8.00E-08,1.00000079,0.0115,0.011500009,5.58E+07
E27.root,178,0.0406005,0.0406005,0.04060054,8.00E-08,1.000000985,0.0178,0.017800018,5.04E+07
E28.root,22,0.043402,0.043402,0.04340198,8.00E-08,0.999999539,0.0022,0.002199999,7.65E+07
E29.root,45,0.045864,0.045864,0.045864,8.00E-08,1,0.0045,0.0045,6.75E+07
E30.root,57,0.0463967,0.0463967,0.04639671,8.00E-08,1.000000216,0.0057,0.005700001,6.46E+07
E31.root,52,0.046566,0.046566,0.046566,8.00E-08,1,0.0052,0.0052,6.57E+07
E32.root,51,0.0467532,0.0467532,0.0467532,8.00E-08,1,0.0051,0.0051,6.60E+07
E34.root,42,0.047034,0.047034,0.047034,8.00E-08,1,0.0042,0.0042,6.84E+07
E35.root,61,0.047736,0.047736,0.047736,8.00E-08,1,0.0061,0.0061,6.37E+07
E36.root,97,0.0495981,0.0495981,0.04959809,8.00E-08,0.999999798,0.0097,0.009699998,5.79E+07
E37.root,8,0.0530204,0.0530204,0.05302035,1.20E-07,0.999999057,0.0008,0.000799999,5.94E+07
E38.root,6,0.0566788,0.0566788,0.05667876,1.20E-07,0.999999294,0.0006,0.0006,6.18E+07
E44.root,41,0.0605896,0.0605896,0.06058959,1.20E-07,0.999999835,0.0041,0.004099999,4.58E+07
E45.root,90,0.0647703,0.0647703,0.06477028,1.20E-07,0.999999691,0.009,0.008999997,3.93E+07
E46.root,219,0.0692394,0.0692394,0.06923942,1.20E-07,1.000000289,0.0219,0.021900006,3.18E+07
E47.root,351,0.0740169,0.0740169,0.07401695,1.20E-07,1.000000676,0.0351,0.035100024,2.79E+07
E48.root,400,0.075558,0.075558,0.075558,1.20E-07,1,0.04,0.04,2.68E+07
E49.root,438,0.0767145,0.0767145,0.0767145,1.20E-07,1,0.0438,0.0438,2.61E+07
E50.root,462,0.0770229,0.0770229,0.0770229,1.20E-07,1,0.0462,0.0462,2.56E+07
E51.root,462,0.0774855,0.0774855,0.0774855,1.20E-07,1,0.0462,0.0462,2.56E+07
E39.root,464,0.078642,0.078642,0.078642,1.20E-07,1,0.0464,0.0464,2.56E+07
E40.root,480,0.0791241,0.0791241,0.07912411,1.20E-07,1.000000126,0.048,0.048000006,2.53E+07
E41.root,549,0.0845837,0.0845837,0.08458368,1.20E-07,0.999999764,0.0549,0.054899987,2.42E+07
E42.root,591,0.09042,0.09042,0.09041995,1.20E-07,0.999999447,0.0591,0.059099967,2.36E+07
E43.root,541,0.0966589,0.0966589,0.09665893,1.20E-07,1.00000031,0.0541,0.054100017,2.43E+07
E52.root,2295,0.1,0.1,0.1,2.80E-07,1,0.2295,0.2295,5.26E+06
E53.root,2239,0.1005,0.1005,0.1005,2.80E-07,1,0.2239,0.2239,5.34E+06
E164.root,2230,0.101003,0.101003,0.1010025,2.80E-07,0.99999505,0.223,0.222998896,5.36E+06
E275.root,2181,0.101508,0.101508,0.10150751,2.80E-07,0.999995173,0.2181,0.218098947,5.44E+06
E386.root,2193,0.102015,0.102015,0.10201505,2.80E-07,1.00000049,0.2193,0.219300107,5.42E+06
E448.root,2233,0.102525,0.102525,0.10252513,2.80E-07,1.000001268,0.2233,0.223300283,5.35E+06
E459.root,2178,0.103038,0.103038,0.10303775,2.80E-07,0.999997574,0.2178,0.217799472,5.44E+06
E470.root,2199,0.103553,0.103553,0.10355294,2.80E-07,0.999999421,0.2199,0.219899873,5.41E+06
E481.root,2096,0.104071,0.104071,0.1040707,2.80E-07,0.999997117,0.2096,0.209599396,5.58E+06
E492.root,2086,0.104591,0.104591,0.10459106,2.80E-07,1.000000574,0.2086,0.20860012,5.60E+06
E54.root,2045,0.105114,0.105114,0.10511401,2.80E-07,1.000000095,0.2045,0.204500019,5.67E+06
E65.root,2097,0.10564,0.10564,0.10563958,2.80E-07,0.999996024,0.2097,0.209699166,5.58E+06
E76.root,2043,0.106168,0.106168,0.10616778,2.80E-07,0.999997928,0.2043,0.204299577,5.67E+06
E87.root,2052,0.106699,0.106699,0.10669862,2.80E-07,0.999996439,0.2052,0.205199269,5.66E+06
E98.root,2023,0.107232,0.107232,0.10723211,2.80E-07,1.000001026,0.2023,0.202300208,5.71E+06
E109.root,1972,0.107768,0.107768,0.10776827,2.80E-07,1.000002505,0.1972,0.197200494,5.80E+06
E120.root,2039,0.108307,0.108307,0.10830712,2.80E-07,1.000001108,0.2039,0.203900226,5.68E+06
E131.root,1972,0.108849,0.108849,0.10884865,2.80E-07,0.999996785,0.1972,0.197199366,5.80E+06
E142.root,1910,0.109393,0.109393,0.10939289,2.80E-07,0.999998994,0.191,0.190999808,5.91E+06
E153.root,1820,0.10994,0.10994,0.10993986,2.80E-07,0.999998727,0.182,0.181999768,6.08E+06
E165.root,1870,0.11049,0.11049,0.11048956,2.80E-07,0.999996018,0.187,0.186999255,5.99E+06
E176.root,1899,0.111030919,0.111042,0.11104201,2.80E-07,1.000099891,0.1899,0.189918969,5.93E+06
E187.root,1874,0.111597,0.111597,0.11159722,2.80E-07,1.000001971,0.1874,0.187400369,5.98E+06
E198.root,1816,0.112155,0.112155,0.1121552,2.80E-07,1.000001783,0.1816,0.181600324,6.09E+06
E209.root,1817,0.112716,0.112716,0.11271598,2.80E-07,0.999999823,0.1817,0.181699968,6.09E+06
E220.root,1848,0.11328,0.11328,0.11327956,2.80E-07,0.999996116,0.1848,0.184799282,6.03E+06
E231.root,1766,0.113846,0.113846,0.11384596,2.80E-07,0.999999649,0.1766,0.176599938,6.19E+06
E242.root,1720,0.114415,0.114415,0.11441519,2.80E-07,1.000001661,0.172,0.172000286,6.29E+06
E253.root,1742,0.114987,0.114987,0.11498726,2.80E-07,1.000002261,0.1742,0.174200394,6.24E+06
E264.root,1756,0.115562,0.115562,0.1155622,2.80E-07,1.000001731,0.1756,0.175600304,6.21E+06
E276.root,1694,0.11614,0.11614,0.11614001,2.80E-07,1.000000086,0.1694,0.169400015,6.34E+06
E287.root,1726,0.116721,0.116721,0.11672071,2.80E-07,0.999997515,0.1726,0.172599571,6.27E+06
E298.root,1625,0.117304,0.117304,0.11730431,2.80E-07,1.000002643,0.1625,0.162500429,6.49E+06
E309.root,1666,0.117891,0.117891,0.11789083,2.80E-07,0.999998558,0.1666,0.16659976,6.40E+06
E320.root,1639,0.11848,0.11848,0.11848029,2.80E-07,1.000002448,0.1639,0.163900401,6.46E+06
E331.root,1609,0.119073,0.119073,0.11907269,2.80E-07,0.999997397,0.1609,0.160899581,6.52E+06
E342.root,1610,0.119668,0.119668,0.11966805,2.80E-07,1.000000418,0.161,0.161000067,6.52E+06
E353.root,1623,0.120266,0.120266,0.12026639,2.80E-07,1.000003243,0.1623,0.162300526,6.49E+06
E364.root,1514,0.120868,0.120868,0.12086772,2.80E-07,0.999997683,0.1514,0.151399649,6.74E+06
E375.root,1519,0.121472,0.121472,0.12147206,2.80E-07,1.000000494,0.1519,0.151900075,6.73E+06
E387.root,1507,0.122079,0.122079,0.12207942,2.80E-07,1.00000344,0.1507,0.150700518,6.76E+06
E398.root,1459,0.12269,0.12269,0.12268982,2.80E-07,0.999998533,0.1459,0.145899786,6.87E+06
E409.root,1440,0.123303,0.123303,0.12330327,2.80E-07,1.00000219,0.144,0.144000315,6.92E+06
E420.root,1486,0.12392,0.12392,0.12391979,2.80E-07,0.999998305,0.1486,0.148599748,6.81E+06
E431.root,1387,0.124539,0.124539,0.12453939,2.80E-07,1.000003132,0.1387,0.138700434,7.06E+06
E442.root,1400,0.125162,0.125162,0.12516208,2.80E-07,1.000000639,0.14,0.140000089,7.02E+06
E444.root,1426,0.125788,0.125788,0.12578789,2.80E-07,0.999999126,0.1426,0.142599875,6.96E+06
E445.root,1424,0.126417,0.126417,0.12641683,2.80E-07,0.999998655,0.1424,0.142399809,6.96E+06
E446.root,1404,0.127049,0.127049,0.12704892,2.80E-07,0.99999937,0.1404,0.140399912,7.01E+06
E447.root,1351,0.127684,0.127684,0.12768416,2.80E-07,1.000001253,0.1351,0.135100169,7.15E+06
E449.root,1380,0.128323,0.128323,0.12832258,2.80E-07,0.999996727,0.138,0.137999548,7.07E+06
E450.root,1332,0.128964,0.128964,0.12896419,2.80E-07,1.000001473,0.1332,0.133200196,7.20E+06
E451.root,1324,0.129609,0.129609,0.12960902,2.80E-07,1.000000154,0.1324,0.13240002,7.22E+06
E452.root,1307,0.130257,0.130257,0.13025706,2.80E-07,1.000000461,0.1307,0.13070006,7.27E+06
E453.root,1331,0.130908,0.130908,0.13090835,2.80E-07,1.000002674,0.1331,0.133100356,7.20E+06
E454.root,1291,0.131563,0.131563,0.13156289,2.80E-07,0.999999164,0.1291,0.129099892,7.31E+06
E455.root,1253,0.132221,0.132221,0.1322207,2.80E-07,0.999997731,0.1253,0.125299716,7.42E+06
E456.root,1199,0.132882,0.132882,0.13288181,2.80E-07,0.99999857,0.1199,0.119899829,7.58E+06
E457.root,1201,0.133546,0.133546,0.13354621,2.80E-07,1.000001572,0.1201,0.120100189,7.57E+06
E458.root,1243,0.134214,0.134214,0.13421395,2.80E-07,0.999999627,0.1243,0.124299954,7.45E+06
E460.root,1225,0.134885,0.134885,0.13488502,2.80E-07,1.000000148,0.1225,0.122500018,7.50E+06
E461.root,1186,0.135559,0.135559,0.13555944,2.80E-07,1.000003246,0.1186,0.118600385,7.61E+06
E462.root,1160,0.136237,0.136237,0.13623724,2.80E-07,1.000001762,0.116,0.116000204,7.69E+06
E463.root,1137,0.136918,0.136918,0.13691842,2.80E-07,1.000003068,0.1137,0.113700349,7.76E+06
E464.root,1145,0.137603,0.137603,0.13760302,2.80E-07,1.000000145,0.1145,0.114500017,7.74E+06
E465.root,1189,0.138291,0.138291,0.13829103,2.80E-07,1.000000217,0.1189,0.118900026,7.61E+06
E466.root,1127,0.138982,0.138982,0.13898249,2.80E-07,1.000003526,0.1127,0.112700397,7.80E+06
E467.root,1111,0.139677,0.139677,0.1396774,2.80E-07,1.000002864,0.1111,0.111100318,7.85E+06
E468.root,1107,0.140376,0.140376,0.14037579,2.80E-07,0.999998504,0.1107,0.110699834,7.86E+06
E469.root,1099,0.141078,0.141078,0.14107766,2.80E-07,0.99999759,0.1099,0.109899735,7.89E+06
E471.root,1129,0.141783,0.141783,0.14178305,2.80E-07,1.000000353,0.1129,0.11290004,7.79E+06
E472.root,1026,0.142492,0.142492,0.14249197,2.80E-07,0.999999789,0.1026,0.102599978,8.13E+06
E473.root,1093,0.143204,0.143204,0.14320443,2.80E-07,1.000003003,0.1093,0.109300328,7.91E+06
E474.root,1068,0.14392,0.14392,0.14392045,2.80E-07,1.000003127,0.1068,0.106800334,7.99E+06
E475.root,1061,0.14464,0.14464,0.14464005,2.80E-07,1.000000346,0.1061,0.106100037,8.01E+06
E476.root,1061,0.145363,0.145363,0.14536325,2.80E-07,1.00000172,0.1061,0.106100182,8.01E+06
E477.root,1032,0.14609,0.14609,0.14609007,2.80E-07,1.000000479,0.1032,0.103200049,8.11E+06
E478.root,1049,0.146821,0.146821,0.14682052,2.80E-07,0.999996731,0.1049,0.104899657,8.05E+06
E479.root,1063,0.147555,0.147555,0.14755462,2.80E-07,0.999997425,0.1063,0.106299726,8.01E+06
E480.root,984,0.148292,0.148292,0.14829239,2.80E-07,1.00000263,0.0984,0.098400259,8.28E+06
E482.root,1029,0.149034,0.149034,0.14903386,2.80E-07,0.999999061,0.1029,0.102899903,8.12E+06
E483.root,950,0.149779,0.149779,0.14977903,2.80E-07,1.0000002,0.095,0.095000019,8.41E+06
E484.root,972,0.150528,0.150528,0.15052792,2.80E-07,0.999999469,0.0972,0.097199948,8.32E+06
E485.root,977,0.151281,0.151281,0.15128056,2.80E-07,0.999997092,0.0977,0.097699716,8.31E+06
E486.root,976,0.152037,0.152037,0.15203696,2.80E-07,0.999999737,0.0976,0.097599974,8.31E+06
E487.root,1002,0.152797,0.152797,0.15279715,2.80E-07,1.000000982,0.1002,0.100200098,8.22E+06
E488.root,1007,0.153561,0.153561,0.15356113,2.80E-07,1.000000847,0.1007,0.100700085,8.20E+06
E489.root,895,0.154329,0.154329,0.15432894,2.80E-07,0.999999611,0.0895,0.089499965,8.62E+06
E490.root,971,0.155101,0.155101,0.15510058,2.80E-07,0.999997292,0.0971,0.097099737,8.33E+06
E491.root,935,0.155876,0.155876,0.15587609,2.80E-07,1.000000577,0.0935,0.093500054,8.46E+06
E493.root,915,0.156655,0.156655,0.15665547,2.80E-07,1.000003,0.0915,0.091500275,8.54E+06
E494.root,929,0.157439,0.157439,0.15743875,2.80E-07,0.999998412,0.0929,0.092899852,8.49E+06
E495.root,925,0.158226,0.158226,0.15822594,2.80E-07,0.999999621,0.0925,0.092499965,8.50E+06
E496.root,881,0.159017,0.159017,0.15901707,2.80E-07,1.00000044,0.0881,0.088100039,8.68E+06
E497.root,902,0.159812,0.159812,0.15981215,2.80E-07,1.000000939,0.0902,0.090200085,8.59E+06
E498.root,887,0.160611,0.160611,0.16061121,2.80E-07,1.000001308,0.0887,0.088700116,8.65E+06
E499.root,906,0.161414,0.161414,0.16141427,2.80E-07,1.000001673,0.0906,0.090600152,8.58E+06
E500.root,901,0.162221,0.162221,0.16222134,2.80E-07,1.000002096,0.0901,0.090100189,8.60E+06
E501.root,925,0.163032,0.163032,0.16303245,2.80E-07,1.00000276,0.0925,0.092500255,8.50E+06
E502.root,851,0.163848,0.163848,0.16384761,2.80E-07,0.99999762,0.0851,0.085099797,8.80E+06
E55.root,899,0.164667,0.164667,0.16466685,2.80E-07,0.999999089,0.0899,0.089899918,8.60E+06
E56.root,858,0.16549,0.16549,0.16549018,2.80E-07,1.000001088,0.0858,0.085800093,8.77E+06
E57.root,910,0.166318,0.166318,0.16631763,2.80E-07,0.999997775,0.091,0.090999798,8.56E+06
E58.root,840,0.167149,0.167149,0.16714922,2.80E-07,1.000001316,0.084,0.084000111,8.85E+06
E59.root,868,0.167985,0.167985,0.16798497,2.80E-07,0.999999821,0.0868,0.086799984,8.73E+06
E60.root,821,0.168825,0.168825,0.16882489,2.80E-07,0.999999348,0.0821,0.082099947,8.93E+06
E61.root,827,0.169669,0.169669,0.16966902,2.80E-07,1.000000118,0.0827,0.08270001,8.90E+06
E62.root,803,0.170517,0.170517,0.17051736,2.80E-07,1.000002111,0.0803,0.08030017,9.01E+06
E63.root,844,0.17137,0.17137,0.17136995,2.80E-07,0.999999708,0.0844,0.084399975,8.83E+06
E64.root,848,0.172227,0.172227,0.1722268,2.80E-07,0.999998839,0.0848,0.084799902,8.81E+06
E66.root,783,0.173088,0.173088,0.17308793,2.80E-07,0.999999596,0.0783,0.078299968,9.10E+06
E67.root,830,0.173953,0.173953,0.17395337,2.80E-07,1.000002127,0.083,0.083000177,8.89E+06
E68.root,805,0.174823,0.174823,0.17482314,2.80E-07,1.000000801,0.0805,0.080500064,9.00E+06
E69.root,803,0.175697,0.175697,0.17569726,2.80E-07,1.00000148,0.0803,0.080300119,9.01E+06
E70.root,800,0.176576,0.176576,0.17657574,2.80E-07,0.999998528,0.08,0.079999882,9.02E+06
E71.root,802,0.177459,0.177459,0.17745862,2.80E-07,0.999997859,0.0802,0.080199828,9.01E+06
E72.root,765,0.178346,0.178346,0.17834591,2.80E-07,0.999999495,0.0765,0.076499961,9.18E+06
E73.root,818,0.179238,0.179238,0.17923764,2.80E-07,0.999997991,0.0818,0.081799836,8.94E+06
E74.root,831,0.180134,0.180134,0.18013383,2.80E-07,0.999999056,0.0831,0.083099922,8.88E+06
E75.root,831,0.181034,0.181034,0.1810345,2.80E-07,1.000002762,0.0831,0.08310023,8.88E+06
E77.root,799,0.18194,0.18194,0.18193967,2.80E-07,0.999998186,0.0799,0.079899855,9.02E+06
E78.root,835,0.182849,0.182849,0.18284937,2.80E-07,1.000002024,0.0835,0.083500169,8.87E+06
E79.root,836,0.183764,0.183764,0.18376362,2.80E-07,0.999997932,0.0836,0.083599827,8.86E+06
E80.root,794,0.184682,0.184682,0.18468244,2.80E-07,1.000002382,0.0794,0.079400189,9.05E+06
E81.root,749,0.185606,0.185606,0.18560585,2.80E-07,0.999999192,0.0749,0.074899939,9.26E+06
E82.root,791,0.186534,0.186534,0.18653388,2.80E-07,0.999999357,0.0791,0.079099949,9.06E+06
E83.root,765,0.187467,0.187467,0.18746655,2.80E-07,0.9999976,0.0765,0.076499816,9.18E+06
E84.root,749,0.188404,0.188404,0.18840388,2.80E-07,0.999999363,0.0749,0.074899952,9.26E+06
E85.root,765,0.189346,0.189346,0.1893459,2.80E-07,0.999999472,0.0765,0.07649996,9.18E+06
E86.root,755,0.190293,0.190293,0.19029263,2.80E-07,0.999998056,0.0755,0.075499853,9.23E+06
E88.root,799,0.191244,0.191244,0.19124409,2.80E-07,1.000000471,0.0799,0.079900038,9.02E+06
E89.root,803,0.1922,0.1922,0.19220031,2.80E-07,1.000001613,0.0803,0.08030013,9.01E+06
E90.root,748,0.193161,0.193161,0.19316131,2.80E-07,1.000001605,0.0748,0.07480012,9.26E+06
E91.root,746,0.194127,0.194127,0.19412712,2.80E-07,1.000000618,0.0746,0.074600046,9.27E+06
E92.root,796,0.195098,0.195098,0.19509776,2.80E-07,0.99999877,0.0796,0.079599902,9.04E+06
E93.root,841,0.196073,0.196073,0.19607325,2.80E-07,1.000001275,0.0841,0.084100107,8.84E+06
E94.root,758,0.197054,0.197054,0.19705361,2.80E-07,0.999998021,0.0758,0.07579985,9.21E+06
E95.root,810,0.198039,0.198039,0.19803888,2.80E-07,0.999999394,0.081,0.080999951,8.98E+06
E96.root,762,0.199029,0.199029,0.19902907,2.80E-07,1.000000352,0.0762,0.076200027,9.19E+06
E97.root,768,0.200024,0.200024,0.20002422,2.80E-07,1.0000011,0.0768,0.076800084,9.17E+06
E99.root,817,0.201024,0.201024,0.20102434,2.80E-07,1.000001691,0.0817,0.081700138,8.95E+06
E100.root,777,0.202029,0.202029,0.20202946,2.80E-07,1.000002277,0.0777,0.077700177,9.12E+06
E101.root,722,0.20304,0.20304,0.20303961,2.80E-07,0.999998079,0.0722,0.072199861,9.39E+06
E102.root,801,0.204055,0.204055,0.20405481,2.80E-07,0.999999069,0.0801,0.080099925,9.02E+06
E103.root,721,0.205075,0.205075,0.20507508,2.80E-07,1.00000039,0.0721,0.072100028,9.39E+06
E104.root,781,0.2061,0.2061,0.20610046,2.80E-07,1.000002232,0.0781,0.078100174,9.11E+06
E105.root,761,0.207131,0.207131,0.20713096,2.80E-07,0.999999807,0.0761,0.076099985,9.20E+06
E106.root,822,0.208167,0.208167,0.20816661,2.80E-07,0.999998127,0.0822,0.082199846,8.92E+06
E107.root,847,0.209207,0.209207,0.20920745,2.80E-07,1.000002151,0.0847,0.084700182,8.82E+06
E108.root,779,0.210253,0.210253,0.21025348,2.80E-07,1.000002283,0.0779,0.077900178,9.12E+06
E110.root,786,0.211305,0.211305,0.21130475,2.80E-07,0.999998817,0.0786,0.078599907,9.08E+06
E111.root,763,0.212361,0.212361,0.21236128,2.80E-07,1.000001319,0.0763,0.076300101,9.19E+06
E112.root,747,0.213423,0.213423,0.21342308,2.80E-07,1.000000375,0.0747,0.074700028,9.27E+06
E113.root,761,0.21449,0.21449,0.2144902,2.80E-07,1.000000932,0.0761,0.076100071,9.20E+06
E114.root,874,0.215563,0.215563,0.21556265,2.80E-07,0.999998376,0.0874,0.087399858,8.70E+06
E115.root,864,0.21664,0.21664,0.21664046,2.80E-07,1.000002123,0.0864,0.086400183,8.75E+06
E116.root,832,0.217724,0.217724,0.21772366,2.80E-07,0.999998438,0.0832,0.08319987,8.88E+06
E117.root,855,0.218812,0.218812,0.21881228,2.80E-07,1.00000128,0.0855,0.085500109,8.78E+06
E118.root,811,0.219906,0.219906,0.21990634,2.80E-07,1.000001546,0.0811,0.081100125,8.97E+06
E119.root,837,0.221006,0.221006,0.22100588,2.80E-07,0.999999457,0.0837,0.083699955,8.86E+06
E121.root,788,0.222111,0.222111,0.2221109,2.80E-07,0.99999955,0.0788,0.078799965,9.07E+06
E122.root,829,0.223221,0.223221,0.22322146,2.80E-07,1.000002061,0.0829,0.082900171,8.89E+06
E123.root,825,0.224338,0.224338,0.22433757,2.80E-07,0.999998083,0.0825,0.082499842,8.91E+06
E124.root,824,0.225459,0.225459,0.22545925,2.80E-07,1.000001109,0.0824,0.082400091,8.91E+06
E125.root,854,0.226587,0.226587,0.22658655,2.80E-07,0.999998014,0.0854,0.08539983,8.79E+06
E126.root,804,0.227719,0.227719,0.22771948,2.80E-07,1.000002108,0.0804,0.080400169,9.00E+06
E127.root,868,0.228858,0.228858,0.22885808,2.80E-07,1.00000035,0.0868,0.08680003,8.73E+06
E128.root,838,0.230002,0.230002,0.23000237,2.80E-07,1.000001609,0.0838,0.083800135,8.85E+06
E129.root,859,0.231152,0.231152,0.23115238,2.80E-07,1.000001644,0.0859,0.085900141,8.77E+06
E130.root,816,0.232308,0.232308,0.23230814,2.80E-07,1.000000603,0.0816,0.081600049,8.95E+06
E132.root,847,0.23347,0.23347,0.23346969,2.80E-07,0.999998672,0.0847,0.084699888,8.82E+06
E133.root,815,0.234637,0.234637,0.23463703,2.80E-07,1.000000128,0.0815,0.08150001,8.95E+06
E134.root,863,0.23581,0.23581,0.23581022,2.80E-07,1.000000933,0.0863,0.086300081,8.75E+06
E135.root,902,0.236989,0.236989,0.23698927,2.80E-07,1.000001139,0.0902,0.090200103,8.59E+06
E136.root,857,0.238174,0.238174,0.23817422,2.80E-07,1.000000924,0.0857,0.085700079,8.77E+06
E137.root,883,0.239365,0.239365,0.23936509,2.80E-07,1.000000376,0.0883,0.088300033,8.67E+06
E138.root,884,0.240562,0.240562,0.24056191,2.80E-07,0.999999626,0.0884,0.088399967,8.66E+06
E139.root,866,0.241765,0.241765,0.24176472,2.80E-07,0.999998842,0.0866,0.0865999,8.74E+06
E140.root,915,0.242974,0.242974,0.24297355,2.80E-07,0.999998148,0.0915,0.091499831,8.54E+06
E141.root,915,0.244188,0.244188,0.24418841,2.80E-07,1.000001679,0.0915,0.091500154,8.54E+06
E143.root,931,0.245211,0.245211,0.24521055,2.80E-07,0.999998165,0.0931,0.093099829,8.48E+06
E144.root,915,0.245409,0.245409,0.24540936,2.80E-07,1.000001467,0.0915,0.091500134,8.54E+06
E145.root,943,0.245589,0.245589,0.24558945,2.80E-07,1.000001832,0.0943,0.094300173,8.43E+06
E146.root,925,0.246636,0.246636,0.2466364,2.80E-07,1.000001622,0.0925,0.09250015,8.50E+06
E147.root,932,0.24787,0.24787,0.24786959,2.80E-07,0.999998346,0.0932,0.093199846,8.48E+06
E148.root,840,0.249109,0.249109,0.24910893,2.80E-07,0.999999719,0.084,0.083999976,8.85E+06
E149.root,776,0.250354,0.250354,0.25035448,2.80E-07,1.000001917,0.0776,0.077600149,9.13E+06
E150.root,853,0.251606,0.251606,0.25160625,2.80E-07,1.000000994,0.0853,0.085300085,8.79E+06
E151.root,822,0.252864,0.252864,0.25286428,2.80E-07,1.000001107,0.0822,0.082200091,8.92E+06
E152.root,896,0.254129,0.254129,0.2541286,2.80E-07,0.999998426,0.0896,0.089599859,8.62E+06
E154.root,845,0.255399,0.255399,0.25539925,2.80E-07,1.000000979,0.0845,0.084500083,8.83E+06
E155.root,897,0.256676,0.256676,0.25667624,2.80E-07,1.000000935,0.0897,0.089700084,8.61E+06
E156.root,919,0.25796,0.25796,0.25795962,2.80E-07,0.999998527,0.0919,0.091899865,8.53E+06
E157.root,906,0.258596,0.258596,0.25859581,2.80E-07,0.999999265,0.0906,0.090599933,8.58E+06
E158.root,873,0.259004,0.259004,0.25900419,2.80E-07,1.000000734,0.0873,0.087300064,8.71E+06
E159.root,943,0.259249,0.259249,0.25924942,2.80E-07,1.00000162,0.0943,0.094300153,8.43E+06
E160.root,919,0.260546,0.260546,0.26054567,2.80E-07,0.999998733,0.0919,0.091899884,8.53E+06
E161.root,816,0.261848,0.261848,0.2618484,2.80E-07,1.000001528,0.0816,0.081600125,8.95E+06
E162.root,869,0.263158,0.263158,0.26315764,2.80E-07,0.999998632,0.0869,0.086899881,8.72E+06
E163.root,832,0.264473,0.264473,0.26447343,2.80E-07,1.000001626,0.0832,0.083200135,8.88E+06
E166.root,833,0.265796,0.265796,0.26579579,2.80E-07,0.99999921,0.0833,0.083299934,8.88E+06
E167.root,886,0.267125,0.267125,0.26712477,2.80E-07,0.999999139,0.0886,0.088599924,8.66E+06
E168.root,896,0.26846,0.26846,0.2684604,2.80E-07,1.00000149,0.0896,0.089600134,8.62E+06
E169.root,902,0.269803,0.269803,0.2698027,2.80E-07,0.999998888,0.0902,0.0901999,8.59E+06
E170.root,941,0.271152,0.271152,0.27115171,2.80E-07,0.99999893,0.0941,0.094099899,8.44E+06
E171.root,947,0.272507,0.272507,0.27250747,2.80E-07,1.000001725,0.0947,0.094700163,8.42E+06
E172.root,929,0.27387,0.27387,0.27387001,2.80E-07,1.000000037,0.0929,0.092900003,8.49E+06
E173.root,907,0.275239,0.275239,0.27523936,2.80E-07,1.000001308,0.0907,0.090700119,8.57E+06
E174.root,930,0.276616,0.276616,0.27661556,2.80E-07,0.999998409,0.093,0.092999852,8.48E+06
E175.root,956,0.277999,0.277999,0.27799863,2.80E-07,0.999998669,0.0956,0.095599873,8.38E+06
E177.root,934,0.279389,0.279389,0.27938863,2.80E-07,0.999998676,0.0934,0.093399876,8.47E+06
E178.root,940,0.280786,0.280786,0.28078557,2.80E-07,0.999998469,0.094,0.093999856,8.44E+06
E179.root,953,0.282189,0.282189,0.2821895,2.80E-07,1.000001772,0.0953,0.095300169,8.40E+06
E180.root,1005,0.2836,0.2836,0.28360044,2.80E-07,1.000001551,0.1005,0.100500156,8.21E+06
E181.root,981,0.285018,0.285018,0.28501845,2.80E-07,1.000001579,0.0981,0.098100155,8.29E+06
E182.root,954,0.286444,0.286444,0.28644354,2.80E-07,0.999998394,0.0954,0.095399847,8.39E+06
E183.root,1045,0.287876,0.287876,0.28787576,2.80E-07,0.999999166,0.1045,0.104499913,8.07E+06
E184.root,1044,0.289315,0.289315,0.28931514,2.80E-07,1.000000484,0.1044,0.104400051,8.07E+06
E185.root,1075,0.290762,0.290762,0.29076171,2.80E-07,0.999999003,0.1075,0.107499893,7.97E+06
E186.root,1115,0.292216,0.292216,0.29221552,2.80E-07,0.999998357,0.1115,0.111499817,7.83E+06
E188.root,1096,0.293677,0.293677,0.2936766,2.80E-07,0.999998638,0.1096,0.109599851,7.90E+06
E189.root,1055,0.295145,0.295145,0.29514498,2.80E-07,0.999999932,0.1055,0.105499993,8.03E+06
E190.root,1075,0.296621,0.296621,0.29662071,2.80E-07,0.999999022,0.1075,0.107499895,7.97E+06
E191.root,1098,0.298104,0.298104,0.29810381,2.80E-07,0.999999363,0.1098,0.10979993,7.89E+06
E192.root,1135,0.299594,0.299594,0.29959433,2.80E-07,1.000001101,0.1135,0.113500125,7.77E+06
E193.root,1177,0.301092,0.301092,0.3010923,2.80E-07,1.000000996,0.1177,0.117700117,7.64E+06
E194.root,1130,0.302598,0.302598,0.30259776,2.80E-07,0.999999207,0.113,0.11299991,7.79E+06
E195.root,1159,0.304111,0.304111,0.30411075,2.80E-07,0.999999178,0.1159,0.115899905,7.70E+06
E196.root,1236,0.305631,0.305631,0.3056313,2.80E-07,1.000000982,0.1236,0.123600121,7.47E+06
E197.root,1168,0.307159,0.307159,0.30715946,2.80E-07,1.000001498,0.1168,0.116800175,7.67E+06
E199.root,1170,0.308695,0.308695,0.30869526,2.80E-07,1.000000842,0.117,0.117000099,7.66E+06
E200.root,1234,0.310239,0.310239,0.31023873,2.80E-07,0.99999913,0.1234,0.123399893,7.47E+06
E201.root,1230,0.31179,0.31179,0.31178993,2.80E-07,0.999999775,0.123,0.122999972,7.48E+06
E202.root,1260,0.313349,0.313349,0.31334888,2.80E-07,0.999999617,0.126,0.125999952,7.40E+06
E203.root,1277,0.314916,0.314916,0.31491562,2.80E-07,0.999998793,0.1277,0.127699846,7.35E+06
E204.root,1180,0.31649,0.31649,0.3164902,2.80E-07,1.000000632,0.118,0.118000075,7.63E+06
E205.root,1296,0.318073,0.318073,0.31807265,2.80E-07,0.9999989,0.1296,0.129599857,7.30E+06
E206.root,1310,0.319663,0.319663,0.31966301,2.80E-07,1.000000031,0.131,0.131000004,7.26E+06
E207.root,1283,0.321261,0.321261,0.32126133,2.80E-07,1.000001027,0.1283,0.128300132,7.33E+06
E208.root,1346,0.322868,0.322868,0.32286764,2.80E-07,0.999998885,0.1346,0.13459985,7.16E+06
E210.root,1319,0.324482,0.324482,0.32448197,2.80E-07,0.999999908,0.1319,0.131899988,7.23E+06
E211.root,1316,0.326104,0.326104,0.32610438,2.80E-07,1.000001165,0.1316,0.131600153,7.24E+06
E212.root,1375,0.327735,0.327735,0.32773491,2.80E-07,0.999999725,0.1375,0.137499962,7.09E+06
E213.root,1450,0.329374,0.329374,0.32937358,2.80E-07,0.999998725,0.145,0.144999815,6.90E+06
E214.root,1405,0.33102,0.33102,0.33102045,2.80E-07,1.000001359,0.1405,0.140500191,7.01E+06
E215.root,1435,0.332676,0.332676,0.33267555,2.80E-07,0.999998647,0.1435,0.143499806,6.93E+06
E216.root,1425,0.334339,0.334339,0.33433893,2.80E-07,0.999999791,0.1425,0.14249997,6.96E+06
E217.root,1498,0.336011,0.336011,0.33601062,2.80E-07,0.999998869,0.1498,0.149799831,6.78E+06
E218.root,1504,0.337691,0.337691,0.33769068,2.80E-07,0.999999052,0.1504,0.150399857,6.77E+06
E219.root,1458,0.339379,0.339379,0.33937913,2.80E-07,1.000000383,0.1458,0.145800056,6.88E+06
E221.root,1476,0.341076,0.341076,0.34107602,2.80E-07,1.000000059,0.1476,0.147600009,6.83E+06
E222.root,1560,0.342781,0.342781,0.3427814,2.80E-07,1.000001167,0.156,0.156000182,6.64E+06
E223.root,1533,0.344495,0.344495,0.34449531,2.80E-07,1.0000009,0.1533,0.153300138,6.70E+06
E224.root,1511,0.346218,0.346218,0.34621779,2.80E-07,0.999999393,0.1511,0.151099908,6.75E+06
E225.root,1545,0.347949,0.347949,0.34794888,2.80E-07,0.999999655,0.1545,0.154499947,6.67E+06
E226.root,1587,0.349689,0.349689,0.34968862,2.80E-07,0.999998913,0.1587,0.158699828,6.57E+06
E227.root,1624,0.351437,0.351437,0.35143706,2.80E-07,1.000000171,0.1624,0.162400028,6.49E+06
E228.root,1597,0.353194,0.353194,0.35319425,2.80E-07,1.000000708,0.1597,0.159700113,6.55E+06
E229.root,1634,0.35496,0.35496,0.35496022,2.80E-07,1.00000062,0.1634,0.163400101,6.47E+06
E230.root,1680,0.356735,0.356735,0.35673502,2.80E-07,1.000000056,0.168,0.168000009,6.37E+06
E232.root,1691,0.358519,0.358519,0.3585187,2.80E-07,0.999999163,0.1691,0.169099859,6.35E+06
E233.root,1629,0.360311,0.360311,0.36031129,2.80E-07,1.000000805,0.1629,0.162900131,6.48E+06
E234.root,1642,0.362113,0.362113,0.36211285,2.80E-07,0.999999586,0.1642,0.164199932,6.45E+06
E235.root,1678,0.363923,0.363923,0.36392341,2.80E-07,1.000001127,0.1678,0.167800189,6.37E+06
E236.root,1669,0.365743,0.365743,0.36574303,2.80E-07,1.000000082,0.1669,0.166900014,6.39E+06
E237.root,1716,0.367572,0.367572,0.36757174,2.80E-07,0.999999293,0.1716,0.171599879,6.29E+06
E238.root,1678,0.36941,0.36941,0.3694096,2.80E-07,0.999998917,0.1678,0.167799818,6.37E+06
E239.root,1715,0.371257,0.371257,0.37125665,2.80E-07,0.999999057,0.1715,0.171499838,6.30E+06
E240.root,1740,0.373113,0.373113,0.37311293,2.80E-07,0.999999812,0.174,0.173999967,6.25E+06
E241.root,1783,0.374978,0.374978,0.3749785,2.80E-07,1.000001333,0.1783,0.178300238,6.16E+06
E243.root,1732,0.376853,0.376853,0.37685339,2.80E-07,1.000001035,0.1732,0.173200179,6.26E+06
E244.root,1738,0.378738,0.378738,0.37873766,2.80E-07,0.999999102,0.1738,0.173799844,6.25E+06
E245.root,1764,0.380631,0.380631,0.38063135,2.80E-07,1.00000092,0.1764,0.176400162,6.20E+06
E246.root,1818,0.382535,0.382535,0.3825345,2.80E-07,0.999998693,0.1818,0.181799762,6.09E+06
E247.root,1860,0.384447,0.384447,0.38444718,2.80E-07,1.000000468,0.186,0.186000087,6.01E+06
E248.root,1861,0.386369,0.386369,0.38636941,2.80E-07,1.000001061,0.1861,0.186100197,6.01E+06
E249.root,1847,0.388301,0.388301,0.38830126,2.80E-07,1.00000067,0.1847,0.184700124,6.03E+06
E250.root,1899,0.390243,0.390243,0.39024276,2.80E-07,0.999999385,0.1899,0.189899883,5.93E+06
E251.root,1959,0.392194,0.392194,0.39219398,2.80E-07,0.999999949,0.1959,0.19589999,5.82E+06
E252.root,1927,0.394155,0.394155,0.39415495,2.80E-07,0.999999873,0.1927,0.192699976,5.88E+06
E254.root,2004,0.396126,0.396126,0.39612572,2.80E-07,0.999999293,0.2004,0.200399858,5.74E+06
E255.root,1938,0.398106,0.398106,0.39810635,2.80E-07,1.000000879,0.1938,0.19380017,5.86E+06
E256.root,1964,0.400097,0.400097,0.40009688,2.80E-07,0.9999997,0.1964,0.196399941,5.81E+06
E257.root,1958,0.402097,0.402097,0.40209737,2.80E-07,1.00000092,0.1958,0.19580018,5.82E+06
E258.root,2002,0.404108,0.404108,0.40410785,2.80E-07,0.999999629,0.2002,0.200199926,5.74E+06
E259.root,2070,0.406128,0.406128,0.40612839,2.80E-07,1.00000096,0.207,0.207000199,5.63E+06
E260.root,2124,0.408159,0.408159,0.40815904,2.80E-07,1.000000098,0.2124,0.212400021,5.53E+06
E261.root,2183,0.4102,0.4102,0.41019983,2.80E-07,0.999999586,0.2183,0.21829991,5.44E+06
E262.root,2027,0.412251,0.412251,0.41225083,2.80E-07,0.999999588,0.2027,0.202699916,5.70E+06
E263.root,2147,0.414312,0.414312,0.41431208,2.80E-07,1.000000193,0.2147,0.214700041,5.49E+06
E265.root,2184,0.416384,0.416384,0.41638364,2.80E-07,0.999999135,0.2184,0.218399811,5.43E+06
E266.root,2179,0.418466,0.418466,0.41846556,2.80E-07,0.999998949,0.2179,0.217899771,5.44E+06
E267.root,2193,0.420558,0.420558,0.42055789,2.80E-07,0.999999738,0.2193,0.219299943,5.42E+06
E268.root,2214,0.422661,0.422661,0.42266068,2.80E-07,0.999999243,0.2214,0.221399832,5.38E+06
E269.root,2228,0.424774,0.424774,0.42477398,2.80E-07,0.999999953,0.2228,0.22279999,5.36E+06
E270.root,2318,0.424777,0.424777,0.42477688,2.80E-07,0.999999717,0.2318,0.231799935,5.22E+06
E271.root,2224,0.425823,0.425823,0.42582312,2.80E-07,1.000000282,0.2224,0.222400063,5.37E+06
E272.root,2275,0.426898,0.426898,0.42689785,2.80E-07,0.999999649,0.2275,0.22749992,5.29E+06
E273.root,2091,0.429032,0.429032,0.42903234,2.80E-07,1.000000792,0.2091,0.209100166,5.59E+06
E274.root,2173,0.431178,0.431178,0.4311775,2.80E-07,0.99999884,0.2173,0.217299748,5.45E+06
E277.root,2105,0.433333,0.433333,0.43333339,2.80E-07,1.0000009,0.2105,0.210500189,5.57E+06
E278.root,2189,0.4355,0.4355,0.43550006,2.80E-07,1.000000138,0.2189,0.21890003,5.43E+06
E279.root,2203,0.437678,0.437678,0.43767756,2.80E-07,0.999998995,0.2203,0.220299779,5.40E+06
E280.root,2181,0.439866,0.439866,0.43986595,2.80E-07,0.999999886,0.2181,0.218099975,5.44E+06
E281.root,2194,0.442065,0.442065,0.44206528,2.80E-07,1.000000633,0.2194,0.219400139,5.42E+06
E282.root,2246,0.444276,0.444276,0.4442756,2.80E-07,0.9999991,0.2246,0.224599798,5.33E+06
E283.root,2210,0.446497,0.446497,0.44649698,2.80E-07,0.999999955,0.221,0.22099999,5.39E+06
E284.root,2182,0.448729,0.448729,0.44872947,2.80E-07,1.000001047,0.2182,0.218200229,5.44E+06
E285.root,2204,0.450973,0.450973,0.45097311,2.80E-07,1.000000244,0.2204,0.220400054,5.40E+06
E286.root,2297,0.453228,0.453228,0.45322798,2.80E-07,0.999999956,0.2297,0.22969999,5.25E+06
E288.root,2354,0.455494,0.455494,0.45549412,2.80E-07,1.000000263,0.2354,0.235400062,5.17E+06
E289.root,2383,0.457772,0.457772,0.45777159,2.80E-07,0.999999104,0.2383,0.238299787,5.12E+06
E290.root,2344,0.46006,0.46006,0.46006045,2.80E-07,1.000000978,0.2344,0.234400229,5.18E+06
E291.root,2417,0.462361,0.462361,0.46236075,2.80E-07,0.999999459,0.2417,0.241699869,5.07E+06
E292.root,2420,0.464673,0.464673,0.46467255,2.80E-07,0.999999032,0.242,0.241999766,5.07E+06
E293.root,2475,0.466996,0.466996,0.46699592,2.80E-07,0.999999829,0.2475,0.247499958,4.99E+06
E294.root,2424,0.469331,0.469331,0.4693309,2.80E-07,0.999999787,0.2424,0.242399948,5.06E+06
E295.root,2435,0.471678,0.471678,0.47167755,2.80E-07,0.999999046,0.2435,0.243499768,5.05E+06
E296.root,2393,0.474036,0.474036,0.47403594,2.80E-07,0.999999873,0.2393,0.23929997,5.11E+06
E297.root,2545,0.476406,0.476406,0.47640612,2.80E-07,1.000000252,0.2545,0.254500064,4.89E+06
E299.root,2546,0.478788,0.478788,0.47878815,2.80E-07,1.000000313,0.2546,0.25460008,4.89E+06
E300.root,2497,0.481182,0.481182,0.48118209,2.80E-07,1.000000187,0.2497,0.249700047,4.96E+06
E301.root,2642,0.483588,0.483588,0.483588,2.80E-07,1,0.2642,0.2642,4.75E+06
E302.root,2686,0.486006,0.486006,0.48600594,2.80E-07,0.999999877,0.2686,0.268599967,4.69E+06
E303.root,2619,0.488436,0.488436,0.48843597,2.80E-07,0.999999939,0.2619,0.261899984,4.78E+06
E304.root,2676,0.490878,0.490878,0.49087815,2.80E-07,1.000000306,0.2676,0.267600082,4.71E+06
E305.root,2638,0.490922,0.490922,0.4909216,2.80E-07,0.999999185,0.2638,0.263799785,4.76E+06
E306.root,2603,0.492278,0.492278,0.49227841,2.80E-07,1.000000833,0.2603,0.260300217,4.81E+06
E307.root,2730,0.493333,0.493333,0.49333254,2.80E-07,0.999999068,0.273,0.272999745,4.64E+06
E308.root,2709,0.495799,0.495799,0.4957992,2.80E-07,1.000000403,0.2709,0.270900109,4.66E+06
E310.root,2653,0.498278,0.498278,0.4982782,2.80E-07,1.000000401,0.2653,0.265300106,4.74E+06
E311.root,2648,0.50077,0.50077,0.50076959,2.80E-07,0.999999181,0.2648,0.264799783,4.75E+06
E312.root,2722,0.503273,0.503273,0.50327344,2.80E-07,1.000000874,0.2722,0.272200238,4.65E+06
E313.root,2692,0.50579,0.50579,0.5057898,2.80E-07,0.999999605,0.2692,0.269199894,4.69E+06
E314.root,2754,0.508319,0.508319,0.50831875,2.80E-07,0.999999508,0.2754,0.275399865,4.61E+06
E315.root,2786,0.51086,0.51086,0.51086035,2.80E-07,1.000000685,0.2786,0.278600191,4.56E+06
E316.root,2766,0.513415,0.513415,0.51341465,2.80E-07,0.999999318,0.2766,0.276599811,4.59E+06
E317.root,2839,0.515982,0.515982,0.51598172,2.80E-07,0.999999457,0.2839,0.283899846,4.50E+06
E318.root,2869,0.518562,0.518562,0.51856163,2.80E-07,0.999999286,0.2869,0.286899795,4.46E+06
E319.root,2917,0.521154,0.521154,0.52115444,2.80E-07,1.000000844,0.2917,0.291700246,4.40E+06
E321.root,2894,0.52376,0.52376,0.52376021,2.80E-07,1.000000401,0.2894,0.289400116,4.43E+06
E322.root,2888,0.526379,0.526379,0.52637901,2.80E-07,1.000000019,0.2888,0.288800005,4.44E+06
E323.root,2946,0.529011,0.529011,0.52901091,2.80E-07,0.99999983,0.2946,0.29459995,4.36E+06
E324.root,2994,0.531656,0.531656,0.53165596,2.80E-07,0.999999925,0.2994,0.299399977,4.31E+06
E325.root,3020,0.534314,0.534314,0.53431424,2.80E-07,1.000000449,0.302,0.302000136,4.28E+06
E326.root,3088,0.536986,0.536986,0.53698581,2.80E-07,0.999999646,0.3088,0.308799891,4.20E+06
E327.root,3102,0.539671,0.539671,0.53967074,2.80E-07,0.999999518,0.3102,0.310199851,4.18E+06
E328.root,3152,0.542369,0.542369,0.5423691,2.80E-07,1.000000184,0.3152,0.315200058,4.12E+06
E329.root,3169,0.545081,0.545081,0.54508094,2.80E-07,0.99999989,0.3169,0.316899965,4.10E+06
E330.root,3104,0.547806,0.547806,0.54780635,2.80E-07,1.000000639,0.3104,0.310400198,4.18E+06
E332.root,3213,0.550545,0.550545,0.55054538,2.80E-07,1.00000069,0.3213,0.321300222,4.05E+06
E333.root,3285,0.553298,0.553298,0.5532981,2.80E-07,1.000000181,0.3285,0.328500059,3.98E+06
E334.root,3227,0.556065,0.556065,0.5560646,2.80E-07,0.999999281,0.3227,0.322699768,4.04E+06
E335.root,3240,0.558845,0.558845,0.55884492,2.80E-07,0.999999857,0.324,0.323999954,4.03E+06
E336.root,3316,0.561639,0.561639,0.56163914,2.80E-07,1.000000249,0.3316,0.331600083,3.94E+06
E337.root,3322,0.564447,0.564447,0.56444734,2.80E-07,1.000000602,0.3322,0.3322002,3.94E+06
E338.root,3392,0.56727,0.56727,0.56726958,2.80E-07,0.99999926,0.3392,0.339199749,3.86E+06
E339.root,3371,0.570106,0.570106,0.57010592,2.80E-07,0.99999986,0.3371,0.337099953,3.88E+06
E340.root,3346,0.572956,0.572956,0.57295645,2.80E-07,1.000000785,0.3346,0.334600263,3.91E+06
E341.root,3395,0.575821,0.575821,0.57582123,2.80E-07,1.000000399,0.3395,0.339500136,3.86E+06
E343.root,3487,0.5787,0.5787,0.57870034,2.80E-07,1.000000588,0.3487,0.348700205,3.76E+06
E344.root,3351,0.581594,0.581594,0.58159384,2.80E-07,0.999999725,0.3351,0.335099908,3.90E+06
E345.root,3400,0.584502,0.584502,0.58450181,2.80E-07,0.999999675,0.34,0.339999889,3.85E+06
E346.root,3554,0.587424,0.587424,0.58742432,2.80E-07,1.000000545,0.3554,0.355400194,3.69E+06
E347.root,3608,0.590361,0.590361,0.59036144,2.80E-07,1.000000745,0.3608,0.360800269,3.64E+06
E348.root,3739,0.593313,0.593313,0.59331325,2.80E-07,1.000000421,0.3739,0.373900158,3.51E+06
E349.root,3630,0.594108,0.594108,0.59410753,2.80E-07,0.999999209,0.363,0.362999713,3.62E+06
E350.root,3601,0.595893,0.595893,0.59589253,2.80E-07,0.999999211,0.3601,0.360099716,3.65E+06
E351.root,3587,0.59628,0.59628,0.59627982,2.80E-07,0.999999698,0.3587,0.358699892,3.66E+06
E352.root,3548,0.599261,0.599261,0.59926122,2.80E-07,1.000000367,0.3548,0.35480013,3.70E+06
E354.root,3578,0.602258,0.602258,0.60225752,2.80E-07,0.999999203,0.3578,0.357799715,3.67E+06
E355.root,3640,0.605269,0.605269,0.60526881,2.80E-07,0.999999686,0.364,0.363999886,3.61E+06
E356.root,3630,0.608295,0.608295,0.60829515,2.80E-07,1.000000247,0.363,0.36300009,3.62E+06
E357.root,3727,0.611337,0.611337,0.61133663,2.80E-07,0.999999395,0.3727,0.372699774,3.52E+06
E358.root,3701,0.614393,0.614393,0.61439331,2.80E-07,1.000000505,0.3701,0.370100187,3.55E+06
E359.root,3780,0.617465,0.617465,0.61746528,2.80E-07,1.000000453,0.378,0.378000171,3.47E+06
E360.root,3694,0.620553,0.620553,0.6205526,2.80E-07,0.999999355,0.3694,0.369399762,3.56E+06
E361.root,3817,0.623655,0.623655,0.62365537,2.80E-07,1.000000593,0.3817,0.381700226,3.44E+06
E362.root,3898,0.626774,0.626774,0.62677364,2.80E-07,0.999999426,0.3898,0.389799776,3.36E+06
E363.root,3816,0.629908,0.629908,0.62990751,2.80E-07,0.999999222,0.3816,0.381599703,3.44E+06
E365.root,3820,0.633057,0.633057,0.63305705,2.80E-07,1.000000079,0.382,0.38200003,3.44E+06
E366.root,3902,0.636222,0.636222,0.63622234,2.80E-07,1.000000534,0.3902,0.390200209,3.36E+06
E367.root,3993,0.639403,0.639403,0.63940345,2.80E-07,1.000000704,0.3993,0.399300281,3.28E+06
E368.root,3925,0.6426,0.6426,0.64260046,2.80E-07,1.000000716,0.3925,0.392500281,3.34E+06
E369.root,4017,0.645813,0.645813,0.64581347,2.80E-07,1.000000728,0.4017,0.401700292,3.26E+06
E370.root,3944,0.649043,0.649043,0.64904253,2.80E-07,0.999999276,0.3944,0.394399714,3.32E+06
E371.root,4026,0.652288,0.652288,0.65228775,2.80E-07,0.999999617,0.4026,0.402599846,3.25E+06
E372.root,4015,0.655549,0.655549,0.65554919,2.80E-07,1.00000029,0.4015,0.401500116,3.26E+06
E373.root,4050,0.658827,0.658827,0.65882693,2.80E-07,0.999999894,0.405,0.404999957,3.23E+06
E374.root,4132,0.662121,0.662121,0.66212107,2.80E-07,1.000000106,0.4132,0.413200044,3.16E+06
E376.root,4186,0.665432,0.665432,0.66543167,2.80E-07,0.999999504,0.4186,0.418599792,3.11E+06
E377.root,4206,0.668759,0.668759,0.66875883,2.80E-07,0.999999746,0.4206,0.420599893,3.09E+06
E378.root,4255,0.672103,0.672103,0.67210262,2.80E-07,0.999999435,0.4255,0.425499759,3.05E+06
E379.root,4197,0.675463,0.675463,0.67546314,2.80E-07,1.000000207,0.4197,0.419700087,3.10E+06
E380.root,4368,0.67884,0.67884,0.67884045,2.80E-07,1.000000663,0.4368,0.43680029,2.96E+06
E381.root,4305,0.682235,0.682235,0.68223466,2.80E-07,0.999999502,0.4305,0.430499785,3.01E+06
E382.root,4364,0.685646,0.685646,0.68564583,2.80E-07,0.999999752,0.4364,0.436399892,2.96E+06
E383.root,4433,0.689074,0.689074,0.68907406,2.80E-07,1.000000087,0.4433,0.443300039,2.91E+06
E384.root,4416,0.692519,0.692519,0.69251943,2.80E-07,1.000000621,0.4416,0.441600274,2.92E+06
E385.root,4351,0.695982,0.695982,0.69598202,2.80E-07,1.000000029,0.4351,0.435100013,2.97E+06
E388.root,4515,0.699462,0.699462,0.69946194,2.80E-07,0.999999914,0.4515,0.451499961,2.84E+06
E389.root,4434,0.702959,0.702959,0.70295924,2.80E-07,1.000000341,0.4434,0.443400151,2.90E+06
E390.root,4495,0.706474,0.706474,0.70647404,2.80E-07,1.000000057,0.4495,0.449500025,2.86E+06
E391.root,4571,0.710006,0.710006,0.71000641,2.80E-07,1.000000577,0.4571,0.457100264,2.80E+06
E392.root,4568,0.713556,0.713556,0.71355644,2.80E-07,1.000000617,0.4568,0.456800282,2.80E+06
E393.root,4642,0.717124,0.717124,0.71712423,2.80E-07,1.000000321,0.4642,0.464200149,2.74E+06
E394.root,4664,0.72071,0.72071,0.72070985,2.80E-07,0.999999792,0.4664,0.466399903,2.72E+06
E395.root,4613,0.724313,0.724313,0.7243134,2.80E-07,1.000000552,0.4613,0.461300255,2.76E+06
E396.root,4725,0.727935,0.727935,0.72793496,2.80E-07,0.999999945,0.4725,0.472499974,2.68E+06
E397.root,4735,0.731575,0.731575,0.73157464,2.80E-07,0.999999508,0.4735,0.473499767,2.67E+06
E399.root,4757,0.735233,0.735233,0.73523251,2.80E-07,0.999999334,0.4757,0.475699683,2.65E+06
E400.root,4753,0.738909,0.738909,0.73890867,2.80E-07,0.999999553,0.4753,0.475299788,2.66E+06
E401.root,4865,0.742603,0.742603,0.74260322,2.80E-07,1.000000296,0.4865,0.486500144,2.57E+06
E402.root,4788,0.746316,0.746316,0.74631623,2.80E-07,1.000000308,0.4788,0.478800148,2.63E+06
E403.root,4892,0.750048,0.750048,0.75004781,2.80E-07,0.999999747,0.4892,0.489199876,2.55E+06
E404.root,4988,0.753798,0.753798,0.75379805,2.80E-07,1.000000066,0.4988,0.498800033,2.48E+06
E405.root,4872,0.757567,0.757567,0.75756704,2.80E-07,1.000000053,0.4872,0.487200026,2.57E+06
E406.root,4931,0.761355,0.761355,0.76135488,2.80E-07,0.999999842,0.4931,0.493099922,2.53E+06
E407.root,5078,0.765162,0.765162,0.76516165,2.80E-07,0.999999543,0.5078,0.507799768,2.42E+06
E408.root,5043,0.768987,0.768987,0.76898746,2.80E-07,1.000000598,0.5043,0.504300302,2.44E+06
E410.root,5047,0.772832,0.772832,0.7728324,2.80E-07,1.000000518,0.5047,0.504700261,2.44E+06
E411.root,5053,0.776697,0.776697,0.77669656,2.80E-07,0.999999433,0.5053,0.505299714,2.44E+06
E412.root,5105,0.78058,0.78058,0.78058004,2.80E-07,1.000000051,0.5105,0.510500026,2.40E+06
E413.root,5243,0.784483,0.784483,0.78448294,2.80E-07,0.999999924,0.5243,0.52429996,2.31E+06
E414.root,5153,0.788405,0.788405,0.78840536,2.80E-07,1.000000457,0.5153,0.515300235,2.37E+06
E415.root,5210,0.792347,0.792347,0.79234738,2.80E-07,1.00000048,0.521,0.52100025,2.33E+06
E416.root,5248,0.796309,0.796309,0.79630912,2.80E-07,1.000000151,0.5248,0.524800079,2.30E+06
E417.root,5272,0.800291,0.800291,0.80029067,2.80E-07,0.999999588,0.5272,0.527199783,2.29E+06
E418.root,5263,0.804292,0.804292,0.80429212,2.80E-07,1.000000149,0.5263,0.526300079,2.29E+06
E419.root,5348,0.808314,0.808314,0.80831358,2.80E-07,0.99999948,0.5348,0.534799722,2.24E+06
E421.root,5359,0.812355,0.812355,0.81235515,2.80E-07,1.000000185,0.5359,0.535900099,2.23E+06
E422.root,5465,0.816417,0.816417,0.81641693,2.80E-07,0.999999914,0.5465,0.546499953,2.16E+06
E423.root,5451,0.820499,0.820499,0.82049901,2.80E-07,1.000000012,0.5451,0.545100007,2.17E+06
E424.root,5475,0.824601,0.824601,0.8246015,2.80E-07,1.000000606,0.5475,0.547500332,2.15E+06
E425.root,5399,0.828725,0.828725,0.82872451,2.80E-07,0.999999409,0.5399,0.539899681,2.20E+06
E426.root,5507,0.832868,0.832868,0.83286813,2.80E-07,1.000000156,0.5507,0.550700086,2.13E+06
E427.root,5523,0.837032,0.837032,0.83703248,2.80E-07,1.000000573,0.5523,0.552300317,2.12E+06
E428.root,5558,0.841218,0.841218,0.84121764,2.80E-07,0.999999572,0.5558,0.555799762,2.10E+06
E429.root,5549,0.845424,0.845424,0.84542373,2.80E-07,0.999999681,0.5549,0.554899823,2.10E+06
E430.root,5618,0.849651,0.849651,0.84965084,2.80E-07,0.999999812,0.5618,0.561799894,2.06E+06
E432.root,5543,0.853899,0.853899,0.8538991,2.80E-07,1.000000117,0.5543,0.554300065,2.11E+06
E433.root,5611,0.858169,0.858169,0.85816859,2.80E-07,0.999999522,0.5611,0.561099732,2.06E+06
E434.root,5726,0.862459,0.862459,0.86245944,2.80E-07,1.00000051,0.5726,0.572600292,1.99E+06
E435.root,5793,0.866772,0.866772,0.86677173,2.80E-07,0.999999688,0.5793,0.57929982,1.95E+06
E436.root,5673,0.871106,0.871106,0.87110559,2.80E-07,0.999999529,0.5673,0.567299733,2.02E+06
E437.root,5792,0.875461,0.875461,0.87546112,2.80E-07,1.000000137,0.5792,0.579200079,1.95E+06
E438.root,5890,0.879838,0.879838,0.87983843,2.80E-07,1.000000489,0.589,0.589000288,1.89E+06
E439.root,5830,0.884238,0.884238,0.88423762,2.80E-07,0.99999957,0.583,0.582999749,1.93E+06
E440.root,5923,0.888659,0.888659,0.88865881,2.80E-07,0.999999786,0.5923,0.592299873,1.87E+06
E441.root,5934,0.893102,0.893102,0.8931021,2.80E-07,1.000000112,0.5934,0.593400066,1.86E+06
E443.root,5922,0.897568,0.897568,0.89756761,2.80E-07,0.999999565,0.5922,0.592199743,1.87E+06
E503.root,6076,0.902055,0.902055,0.90205545,7.00E-07,1.000000499,0.6076,0.607600303,7.12E+05
E504.root,6052,0.906566,0.906566,0.90656573,7.00E-07,0.999999702,0.6052,0.60519982,7.17E+05
E615.root,6047,0.911099,0.911099,0.91109856,7.00E-07,0.999999517,0.6047,0.604699708,7.19E+05
E708.root,6047,0.915654,0.915654,0.91565405,7.00E-07,1.000000055,0.6047,0.604700033,7.19E+05
E719.root,6081,0.920232,0.920232,0.92023232,7.00E-07,1.000000348,0.6081,0.608100211,7.11E+05
E730.root,6185,0.924833,0.924833,0.92483348,7.00E-07,1.000000519,0.6185,0.618500321,6.86E+05
E741.root,6187,0.929458,0.929458,0.92945765,7.00E-07,0.999999623,0.6187,0.618699767,6.86E+05
E752.root,6224,0.934105,0.934105,0.93410494,7.00E-07,0.999999936,0.6224,0.62239996,6.77E+05
E763.root,6201,0.938775,0.938775,0.93877546,7.00E-07,1.00000049,0.6201,0.620100304,6.83E+05
E774.root,6250,0.943469,0.943469,0.94346934,7.00E-07,1.00000036,0.625,0.625000225,6.71E+05
E505.root,6250,0.948187,0.948187,0.94818668,7.00E-07,0.999999663,0.625,0.624999789,6.71E+05
E516.root,6311,0.952928,0.952928,0.95292762,7.00E-07,0.999999601,0.6311,0.631099748,6.58E+05
E527.root,6342,0.957692,0.957692,0.95769226,7.00E-07,1.000000271,0.6342,0.634200172,6.51E+05
E538.root,6394,0.962481,0.962481,0.96248072,7.00E-07,0.999999709,0.6394,0.639399814,6.39E+05
E549.root,6424,0.967293,0.967293,0.96729312,7.00E-07,1.000000124,0.6424,0.64240008,6.32E+05
E560.root,6363,0.97213,0.97213,0.97212959,7.00E-07,0.999999578,0.6363,0.636299732,6.46E+05
E571.root,6525,0.97699,0.97699,0.97699023,7.00E-07,1.000000235,0.6525,0.652500154,6.10E+05
E582.root,6432,0.981875,0.981875,0.98187519,7.00E-07,1.000000194,0.6432,0.643200124,6.30E+05
E593.root,6453,0.986785,0.986785,0.98678456,7.00E-07,0.999999554,0.6453,0.645299712,6.26E+05
E604.root,6581,0.991718,0.991718,0.99171848,7.00E-07,1.000000484,0.6581,0.658100319,5.98E+05
E616.root,6497,0.996677,0.996677,0.99667708,7.00E-07,1.00000008,0.6497,0.649700052,6.16E+05
E627.root,6546,1.00166,1.00166,1.0016605,7.00E-07,1.000000499,0.6546,0.654600327,6.05E+05
E638.root,6586,1.00667,1.00667,1.0066688,7.00E-07,0.999998808,0.6586,0.658599215,5.97E+05
E649.root,6616,1.011547639,1.0117,1.0117021,7.00E-07,1.000152698,0.6616,0.661701025,5.90E+05
E660.root,6613,1.01676,1.01676,1.0167606,7.00E-07,1.00000059,0.6613,0.66130039,5.91E+05
E671.root,6757,1.02184,1.02184,1.0218444,7.00E-07,1.000004306,0.6757,0.67570291,5.60E+05
E682.root,6625,1.02695,1.02695,1.0269536,7.00E-07,1.000003506,0.6625,0.662502322,5.88E+05
E693.root,6704,1.03209,1.03209,1.0320884,7.00E-07,0.99999845,0.6704,0.670398961,5.71E+05
E704.root,6750,1.037101667,1.03725,1.0372489,7.00E-07,1.000141966,0.675,0.675095827,5.61E+05
E707.root,6785,1.041989695,1.04244,1.0424351,7.00E-07,1.000427456,0.6785,0.678790029,5.53E+05
E709.root,6813,1.047341177,1.04765,1.0476473,7.00E-07,1.000292286,0.6813,0.681499134,5.48E+05
E710.root,6876,1.052587385,1.05289,1.0528855,7.00E-07,1.000283221,0.6876,0.687794743,5.35E+05
E711.root,6863,1.05784786,1.05815,1.0581499,7.00E-07,1.000285523,0.6863,0.686495955,5.37E+05
E712.root,6844,1.063112396,1.06344,1.0634407,7.00E-07,1.000308814,0.6844,0.684611352,5.41E+05
E713.root,6918,1.068456224,1.06876,1.0687579,7.00E-07,1.000282348,0.6918,0.691995328,5.26E+05
E714.root,6863,1.073932673,1.0741,1.0741017,7.00E-07,1.000157391,0.6863,0.686408017,5.38E+05
E715.root,6940,1.079142889,1.07947,1.0794722,7.00E-07,1.00030516,0.694,0.694211781,5.21E+05
E716.root,6969,1.084703198,1.08487,1.0848695,7.00E-07,1.000153316,0.6969,0.697006846,5.16E+05
E717.root,6914,1.089660386,1.09029,1.0902939,7.00E-07,1.000581387,0.6914,0.691801971,5.26E+05
E718.root,7034,1.095456165,1.09575,1.0957454,7.00E-07,1.000264032,0.7034,0.70358572,5.02E+05
E720.root,7089,1.100732116,1.10122,1.1012241,7.00E-07,1.000446961,0.7089,0.70921685,4.91E+05
E721.root,7030,1.10614009,1.10673,1.1067302,7.00E-07,1.000533486,0.703,0.70337504,5.03E+05
E722.root,7130,1.111646801,1.11226,1.1122639,7.00E-07,1.000555121,0.713,0.713395802,4.82E+05
E723.root,7201,1.117086565,1.11783,1.1178252,7.00E-07,1.000661216,0.7201,0.720576141,4.68E+05
E724.root,7053,1.122660168,1.12341,1.1234143,7.00E-07,1.000671737,0.7053,0.705773776,4.98E+05
E725.root,7122,1.128256881,1.12903,1.1290314,7.00E-07,1.000686474,0.7122,0.712688907,4.84E+05
E726.root,7211,1.134207947,1.13468,1.1346765,7.00E-07,1.00041311,0.7211,0.721397894,4.67E+05
E727.root,7186,1.13860087,1.14035,1.1403499,7.00E-07,1.001536122,0.7186,0.719703857,4.70E+05
E728.root,7284,1.144989831,1.14605,1.1460517,7.00E-07,1.000927405,0.7284,0.729075522,4.51E+05
E729.root,7231,1.150545915,1.15178,1.1517819,7.00E-07,1.00107426,0.7231,0.723876797,4.62E+05
E731.root,7344,1.156277119,1.15754,1.1575408,7.00E-07,1.001092888,0.7344,0.735202617,4.39E+05
E732.root,7189,1.161578682,1.16333,1.1633285,7.00E-07,1.001506414,0.7189,0.719982961,4.69E+05
E733.root,7314,1.167136549,1.16915,1.1691452,7.00E-07,1.001721008,0.7314,0.732658745,4.44E+05
E734.root,7366,1.173356347,1.17499,1.1749909,7.00E-07,1.001393058,0.7366,0.737626126,4.35E+05
E735.root,7377,1.17968373,1.18087,1.1808659,7.00E-07,1.001002108,0.7377,0.738439255,4.33E+05
E736.root,7392,1.185695697,1.18677,1.1867702,7.00E-07,1.000906222,0.7392,0.739869879,4.30E+05
E737.root,7436,1.191672105,1.1927,1.192704,7.00E-07,1.000865922,0.7436,0.7442439,4.22E+05
E738.root,7428,1.196942293,1.19867,1.1986676,7.00E-07,1.001441429,0.7428,0.743870693,4.23E+05
E739.root,7410,1.203389855,1.20466,1.2046609,7.00E-07,1.00105622,0.741,0.741782659,4.27E+05
E740.root,7409,1.209305667,1.21068,1.2106842,7.00E-07,1.001139938,0.7409,0.74174458,4.27E+05
E742.root,7469,1.214326536,1.21674,1.2167376,7.00E-07,1.001985515,0.7469,0.748382981,4.14E+05
E743.root,7485,1.220678584,1.22282,1.2228213,7.00E-07,1.001755348,0.7485,0.749813878,4.11E+05
E744.root,7546,1.226829088,1.22894,1.2289354,7.00E-07,1.001716875,0.7546,0.755895554,4.00E+05
E745.root,7460,1.232741548,1.23508,1.2350801,7.00E-07,1.001897033,0.746,0.747415187,4.16E+05
E746.root,7525,1.239393003,1.24126,1.2412555,7.00E-07,1.001502749,0.7525,0.753630819,4.04E+05
E747.root,7654,1.244148165,1.24746,1.2474618,7.00E-07,1.002663377,0.7654,0.767438548,3.78E+05
E748.root,7639,1.252200846,1.2537,1.2536991,7.00E-07,1.001196497,0.7639,0.764814004,3.83E+05
E749.root,7561,1.257773898,1.25997,1.2599676,7.00E-07,1.001744115,0.7561,0.757418725,3.97E+05
E750.root,7663,1.263743398,1.26627,1.2662674,7.00E-07,1.001997242,0.7663,0.767830487,3.77E+05
E751.root,7780,1.269925546,1.2726,1.2725988,7.00E-07,1.002105048,0.778,0.779637727,3.56E+05
E753.root,7787,1.275341649,1.27896,1.2789618,7.00E-07,1.002838573,0.7787,0.780910397,3.53E+05
E754.root,7717,1.281886024,1.28536,1.2853566,7.00E-07,1.002707398,0.7717,0.773789299,3.66E+05
E755.root,7767,1.287705322,1.29178,1.2917833,7.00E-07,1.003166857,0.7767,0.779159697,3.56E+05
E756.root,7741,1.295402576,1.29824,1.2982423,7.00E-07,1.002192156,0.7741,0.775796948,3.63E+05
E757.root,7741,1.301103679,1.30473,1.3047335,7.00E-07,1.002789802,0.7741,0.776259585,3.62E+05
E758.root,7780,1.308232169,1.31126,1.3112571,7.00E-07,1.002312228,0.778,0.779798913,3.55E+05
E759.root,7829,1.314999795,1.31781,1.3178134,7.00E-07,1.002139624,0.7829,0.784575112,3.47E+05
E760.root,7809,1.320803217,1.3244,1.3244025,7.00E-07,1.002725071,0.7809,0.783028008,3.49E+05
E761.root,7874,1.328870398,1.33102,1.3310245,7.00E-07,1.001621002,0.7874,0.788676377,3.39E+05
E762.root,7906,1.333595273,1.33768,1.3376796,7.00E-07,1.003062644,0.7906,0.793021326,3.31E+05
E764.root,7958,1.340639608,1.34437,1.344368,7.00E-07,1.002781055,0.7958,0.798013163,3.22E+05
E765.root,7902,1.347715983,1.35109,1.3510899,7.00E-07,1.002503433,0.7902,0.792178213,3.33E+05
E766.root,7893,1.354711244,1.35785,1.3578453,7.00E-07,1.002313449,0.7893,0.791126006,3.35E+05
E767.root,7971,1.360701806,1.36463,1.3646345,7.00E-07,1.002890195,0.7971,0.799403775,3.20E+05
E768.root,7979,1.367453456,1.37146,1.3714577,7.00E-07,1.002928249,0.7979,0.80023645,3.18E+05
E769.root,7969,1.373540663,1.37831,1.378315,7.00E-07,1.003475934,0.7969,0.799669972,3.19E+05
E770.root,8053,1.381114249,1.38521,1.3852066,7.00E-07,1.002963079,0.8053,0.807686168,3.05E+05
E771.root,8024,1.387228115,1.39213,1.3921326,7.00E-07,1.003535457,0.8024,0.80523685,3.09E+05
E772.root,8013,1.395469523,1.39909,1.3990933,7.00E-07,1.002596816,0.8013,0.803380828,3.13E+05
E773.root,8088,1.401536581,1.40609,1.4060887,7.00E-07,1.003247949,0.8088,0.811426941,2.99E+05
E775.root,8070,1.409225648,1.41312,1.4131192,7.00E-07,1.002762902,0.807,0.809229662,3.02E+05
E776.root,8083,1.415729738,1.42018,1.4201848,7.00E-07,1.003146831,0.8083,0.810843583,3.00E+05
E777.root,8161,1.422735861,1.42729,1.4272857,7.00E-07,1.003197951,0.8161,0.818709847,2.86E+05
E778.root,8103,1.429425045,1.43442,1.4344221,7.00E-07,1.00349585,0.8103,0.813132687,2.96E+05
E779.root,8095,1.436910107,1.44159,1.4415942,7.00E-07,1.003259837,0.8095,0.812138838,2.97E+05
E780.root,8232,1.442764444,1.4488,1.4488022,7.00E-07,1.004184852,0.8232,0.82664497,2.72E+05
E781.root,8091,1.451940341,1.45605,1.4560462,7.00E-07,1.002827843,0.8091,0.811388008,2.99E+05
E782.root,8187,1.459730058,1.46333,1.4633265,7.00E-07,1.002463772,0.8187,0.82071709,2.82E+05
E783.root,8232,1.466508625,1.47064,1.4706431,7.00E-07,1.002819264,0.8232,0.825520818,2.74E+05
E784.root,8239,1.474201884,1.478,1.4779963,7.00E-07,1.002573878,0.8239,0.826020618,2.73E+05
E506.root,8287,1.481323118,1.48539,1.4853863,7.00E-07,1.002742941,0.8287,0.830973075,2.65E+05
E507.root,8315,1.488310779,1.49281,1.4928132,7.00E-07,1.003025189,0.8315,0.834015444,2.59E+05
E508.root,8318,1.4950317,1.50028,1.5002773,7.00E-07,1.003508688,0.8318,0.834718527,2.58E+05
E509.root,8358,1.50217301,1.50778,1.5077787,7.00E-07,1.003731721,0.8358,0.838918972,2.51E+05
E510.root,8320,1.510774928,1.51532,1.5153176,7.00E-07,1.003006849,0.832,0.834501698,2.58E+05
E511.root,8295,1.517600468,1.52289,1.5228942,7.00E-07,1.003488225,0.8295,0.832393483,2.62E+05
E512.root,8385,1.524782089,1.53051,1.5305086,7.00E-07,1.003755626,0.8385,0.841649092,2.46E+05
E513.root,8381,1.532467823,1.53816,1.5381612,7.00E-07,1.003715169,0.8381,0.841213683,2.47E+05
E514.root,8339,1.542092584,1.54585,1.545852,7.00E-07,1.002437867,0.8339,0.835932937,2.56E+05
E515.root,8429,1.547838853,1.55358,1.5535812,7.00E-07,1.003709913,0.8429,0.846027085,2.39E+05
E517.root,8388,1.556199425,1.56135,1.5613491,7.00E-07,1.003309136,0.8388,0.841575703,2.46E+05
E518.root,8416,1.563762668,1.56916,1.5691559,7.00E-07,1.003448881,0.8416,0.844502579,2.41E+05
E519.root,8479,1.570616897,1.577,1.5770017,7.00E-07,1.004065156,0.8479,0.851346846,2.30E+05
E520.root,8469,1.578403837,1.58489,1.5848867,7.00E-07,1.004107227,0.8469,0.850378411,2.32E+05
E521.root,8521,1.585877764,1.59281,1.5928111,7.00E-07,1.004371923,0.8521,0.855825316,2.22E+05
E522.root,8469,1.594384422,1.60078,1.6007752,7.00E-07,1.004008304,0.8469,0.850294633,2.32E+05
E523.root,8509,1.603066116,1.60878,1.608779,7.00E-07,1.003563723,0.8509,0.853932372,2.26E+05
E524.root,8482,1.610117513,1.61682,1.6168229,7.00E-07,1.004164533,0.8482,0.851732357,2.29E+05
E525.root,8553,1.618354268,1.62491,1.624907,7.00E-07,1.00404901,0.8553,0.858763118,2.18E+05
E526.root,8545,1.626587581,1.63303,1.6330316,7.00E-07,1.00396168,0.8545,0.857885255,2.19E+05
E528.root,8538,1.634679798,1.6412,1.6411967,7.00E-07,1.003986654,0.8538,0.857203805,2.20E+05
E529.root,8558,1.640309029,1.6494,1.6494027,7.00E-07,1.005543877,0.8558,0.86054445,2.15E+05
E530.root,8579,1.650286701,1.65765,1.6576497,7.00E-07,1.004461648,0.8579,0.861727648,2.13E+05
E531.root,8587,1.659241007,1.66594,1.665938,7.00E-07,1.004036179,0.8587,0.862165867,2.12E+05
E532.root,8608,1.667744712,1.67427,1.6742677,7.00E-07,1.003911263,0.8608,0.864166815,2.09E+05
E533.root,8674,1.675594959,1.68264,1.682639,7.00E-07,1.004203904,0.8674,0.871046467,1.97E+05
E534.root,8636,1.684748558,1.69105,1.6910522,7.00E-07,1.003741592,0.8636,0.866831239,2.04E+05
E535.root,8669,1.693467259,1.69951,1.6995075,7.00E-07,1.003566789,0.8669,0.86999205,1.99E+05
E536.root,8649,1.70267621,1.70801,1.708005,7.00E-07,1.003129656,0.8649,0.867606839,2.03E+05
E537.root,8640,1.708394534,1.71655,1.716545,7.00E-07,1.004770834,0.864,0.868122,2.02E+05
E539.root,8726,1.717944377,1.72513,1.7251278,7.00E-07,1.004181406,0.8726,0.876248695,1.89E+05
E540.root,8688,1.727514658,1.73375,1.7337534,7.00E-07,1.003611397,0.8688,0.871937582,1.96E+05
E541.root,8706,1.734962113,1.74242,1.7424222,7.00E-07,1.004299856,0.8706,0.874343455,1.92E+05
E542.root,8737,1.743689629,1.75113,1.7511343,7.00E-07,1.004269493,0.8737,0.877430256,1.87E+05
E543.root,8736,1.752302528,1.75989,1.7598899,7.00E-07,1.004329944,0.8736,0.877382639,1.87E+05
E544.root,8799,1.762071764,1.76869,1.7686894,7.00E-07,1.0037556,0.8799,0.883204552,1.77E+05
E545.root,8775,1.769832704,1.77753,1.7775328,7.00E-07,1.004350748,0.8775,0.881317781,1.80E+05
E546.root,8819,1.778608332,1.78642,1.7864205,7.00E-07,1.004392292,0.8819,0.885773563,1.73E+05
E547.root,8847,1.787348574,1.79535,1.7953526,7.00E-07,1.004478156,0.8847,0.888661825,1.69E+05
E548.root,8825,1.795675752,1.80433,1.8043294,7.00E-07,1.00481916,0.8825,0.886752908,1.72E+05
E550.root,8827,1.800742467,1.80885,1.8088491,7.00E-07,1.004501828,0.8827,0.886673764,1.72E+05
E551.root,8889,1.800954252,1.80955,1.809551,7.00E-07,1.004773441,0.8889,0.893143111,1.61E+05
E552.root,6980,1.805915152,1.81335,1.813351,7.00E-07,1.004117496,0.698,0.700874012,5.08E+05
E553.root,6930,1.814939675,1.82242,1.8224178,7.00E-07,1.004120316,0.693,0.695855379,5.18E+05
E554.root,6950,1.824472302,1.83153,1.8315299,7.00E-07,1.003868296,0.695,0.697688465,5.14E+05
E555.root,7037,1.832611845,1.84069,1.8406875,7.00E-07,1.004406637,0.7037,0.70680095,4.96E+05
E556.root,7025,1.842042182,1.84989,1.8498909,7.00E-07,1.004260879,0.7025,0.705493267,4.98E+05
E557.root,7100,1.849886185,1.85914,1.8591404,7.00E-07,1.005002586,0.71,0.713551836,4.82E+05
E558.root,7119,1.859978116,1.86844,1.8684361,7.00E-07,1.004547357,0.7119,0.715137263,4.79E+05
E559.root,7056,1.862172873,1.87094,1.8709394,7.00E-07,1.004707687,0.7056,0.708921744,4.91E+05
E561.root,7030,1.865661282,1.87226,1.8722607,7.00E-07,1.003537308,0.703,0.705486727,4.98E+05
E562.root,6449,1.868099618,1.87778,1.8777783,7.00E-07,1.005181031,0.6449,0.648241247,6.19E+05
E563.root,6500,1.879275902,1.88717,1.8871672,7.00E-07,1.004199116,0.65,0.652729426,6.09E+05
E564.root,6431,1.888497799,1.8966,1.896603,7.00E-07,1.004291877,0.6431,0.645860106,6.25E+05
E565.root,6594,1.897765948,1.90609,1.906086,7.00E-07,1.00438413,0.6594,0.662290895,5.89E+05
E566.root,6480,1.90495175,1.91562,1.9156165,7.00E-07,1.005598436,0.648,0.651627786,6.12E+05
E567.root,6388,1.914805996,1.92519,1.9251945,7.00E-07,1.005425356,0.6388,0.642265717,6.33E+05
E568.root,6435,1.927050452,1.93482,1.9348205,7.00E-07,1.004032094,0.6435,0.646094652,6.24E+05
E569.root,6408,1.93541737,1.94449,1.9444946,7.00E-07,1.004690063,0.6408,0.643805393,6.29E+05
E570.root,6423,1.946090652,1.95422,1.9542171,7.00E-07,1.004175781,0.6423,0.644982104,6.26E+05
E572.root,6343,1.954429035,1.96399,1.9639882,7.00E-07,1.004891027,0.6343,0.637402378,6.43E+05
E573.root,6425,1.964256548,1.97381,1.9738081,7.00E-07,1.00486268,0.6425,0.645624272,6.25E+05
E574.root,6411,1.977044074,1.98368,1.9836772,7.00E-07,1.003355072,0.6411,0.643250937,6.30E+05
E575.root,6393,1.986055243,1.9936,1.9935955,7.00E-07,1.0037966,0.6393,0.641727166,6.34E+05
E576.root,6424,1.993353402,2.00356,2.0035635,7.00E-07,1.005122071,0.6424,0.645690419,6.25E+05
E577.root,6379,2.004967997,2.01358,2.0135813,7.00E-07,1.00429598,0.6379,0.640640406,6.36E+05
E578.root,6529,2.011911741,2.02365,2.0236492,7.00E-07,1.005833983,0.6529,0.656709008,6.01E+05
E579.root,6553,2.02351699,2.03377,2.0337675,7.00E-07,1.00506569,0.6553,0.658619547,5.97E+05
E580.root,6475,2.033214894,2.04394,2.0439363,7.00E-07,1.00527313,0.6475,0.650914352,6.13E+05
E581.root,6535,2.043825014,2.05416,2.054156,7.00E-07,1.005054731,0.6535,0.656803267,6.01E+05
E583.root,6535,2.052686378,2.06443,2.0644268,7.00E-07,1.00571954,0.6535,0.657237719,6.00E+05
E584.root,6605,2.065494063,2.07475,2.0747489,7.00E-07,1.004480689,0.6605,0.663459495,5.86E+05
E585.root,6675,2.073795279,2.08512,2.0851227,7.00E-07,1.005462169,0.6675,0.671145998,5.70E+05
E586.root,6723,2.08807278,2.09555,2.0955483,7.00E-07,1.003580105,0.6723,0.674706905,5.62E+05
E587.root,6719,2.096285794,2.10603,2.106026,7.00E-07,1.004646411,0.6719,0.675021924,5.61E+05
E588.root,6781,2.10712935,2.11656,2.1165562,7.00E-07,1.004473788,0.6781,0.681133676,5.49E+05
E589.root,6782,2.117871526,2.12714,2.1271389,7.00E-07,1.004375796,0.6782,0.681167665,5.48E+05
E590.root,6759,2.126314294,2.13777,2.1377746,7.00E-07,1.005389752,0.6759,0.679542933,5.52E+05
E591.root,6827,2.13757539,2.14846,2.1484635,7.00E-07,1.005093673,0.6827,0.686177451,5.38E+05
E592.root,6967,2.149718242,2.15921,2.1592058,7.00E-07,1.004413396,0.6967,0.699774813,5.10E+05
E594.root,6898,2.15950898,2.17,2.1700018,7.00E-07,1.004858892,0.6898,0.693151663,5.24E+05
E595.root,6924,2.172037344,2.18085,2.1808519,7.00E-07,1.004058197,0.6924,0.695209896,5.19E+05
E596.root,6900,2.183572525,2.19176,2.1917561,7.00E-07,1.003747792,0.69,0.692585976,5.25E+05
E597.root,6964,2.190509184,2.20271,2.2027149,7.00E-07,1.005572091,0.6964,0.700280404,5.09E+05
E598.root,7064,2.203833114,2.21373,2.2137285,7.00E-07,1.00449008,0.7064,0.709571792,4.90E+05
E599.root,7048,2.21566424,2.2248,2.2247971,7.00E-07,1.004121951,0.7048,0.707705151,4.94E+05
E600.root,7063,2.225620663,2.23592,2.2359211,7.00E-07,1.004628119,0.7063,0.70956884,4.90E+05
E601.root,7126,2.237365015,2.2471,2.2471007,7.00E-07,1.004351407,0.7126,0.715700812,4.78E+05
E602.root,7105,2.246831885,2.25834,2.2583362,7.00E-07,1.005120238,0.7105,0.714137929,4.81E+05
E603.root,7186,2.259849622,2.26963,2.2696279,7.00E-07,1.00432696,0.7186,0.721709353,4.66E+05
E605.root,7228,2.268182768,2.27865,2.2786505,7.00E-07,1.00461503,0.7228,0.726135744,4.57E+05
E606.root,7204,2.267778055,2.28098,2.280976,7.00E-07,1.005819769,0.7204,0.724592562,4.60E+05
E607.root,6880,2.271764547,2.28335,2.2833493,7.00E-07,1.005099451,0.688,0.691508423,5.27E+05
E608.root,6948,2.278539126,2.29238,2.2923809,7.00E-07,1.006074846,0.6948,0.699020803,5.12E+05
E609.root,6896,2.291605302,2.30384,2.3038428,7.00E-07,1.005340142,0.6896,0.693282562,5.23E+05
E610.root,6972,2.305607184,2.31536,2.315362,7.00E-07,1.00423091,0.6972,0.70014979,5.09E+05
E611.root,6957,2.316259243,2.32694,2.3269388,7.00E-07,1.004610692,0.6957,0.698907658,5.12E+05
E612.root,6922,2.327343514,2.33857,2.3385735,7.00E-07,1.004825238,0.6922,0.69554003,5.19E+05
E613.root,7060,2.33986476,2.35027,2.3502664,7.00E-07,1.004445402,0.706,0.709138454,4.91E+05
E614.root,7085,2.349939231,2.36202,2.3620177,7.00E-07,1.005139907,0.7085,0.712141624,4.85E+05
E617.root,7110,2.363618878,2.37383,2.3738278,7.00E-07,1.004319191,0.711,0.714070945,4.81E+05
E618.root,7145,2.373932807,2.3857,2.385697,7.00E-07,1.004955571,0.7145,0.718040756,4.73E+05
E619.root,7108,2.388630129,2.39763,2.3976254,7.00E-07,1.00376587,0.7108,0.713476781,4.82E+05
E620.root,7209,2.400090294,2.40961,2.4096136,7.00E-07,1.003967895,0.7209,0.723760455,4.62E+05
E621.root,7210,2.40879062,2.42166,2.4216616,7.00E-07,1.005343337,0.721,0.724852546,4.60E+05
E622.root,7312,2.42257804,2.43377,2.4337699,7.00E-07,1.004619814,0.7312,0.734578008,4.41E+05
E623.root,7309,2.435310223,2.44594,2.4459388,7.00E-07,1.004364363,0.7309,0.734089913,4.42E+05
E624.root,7258,2.445214328,2.45817,2.4581685,7.00E-07,1.005297765,0.7258,0.729645118,4.50E+05
E625.root,7340,2.457494227,2.47046,2.4704593,7.00E-07,1.005275729,0.734,0.737872385,4.34E+05
E626.root,7312,2.47043452,2.48281,2.4828116,7.00E-07,1.005010082,0.7312,0.734863372,4.40E+05
E628.root,7360,2.48123116,2.49523,2.4952257,7.00E-07,1.00564016,0.736,0.740151158,4.30E+05
E629.root,7414,2.496565412,2.5077,2.5077018,7.00E-07,1.004460683,0.7414,0.744707151,4.21E+05
E630.root,7371,2.508750516,2.52024,2.5202403,7.00E-07,1.004579883,0.7371,0.740475832,4.29E+05
E631.root,7522,2.521014186,2.53284,2.5328415,7.00E-07,1.00469149,0.7522,0.755728939,4.00E+05
E632.root,7439,2.53279758,2.54551,2.5455057,7.00E-07,1.005017424,0.7439,0.747632462,4.15E+05
E633.root,7502,2.548394304,2.55823,2.5582333,7.00E-07,1.003860861,0.7502,0.753096418,4.05E+05
E634.root,7517,2.557637658,2.57102,2.5710244,7.00E-07,1.005234026,0.7517,0.755634417,4.00E+05
E635.root,7546,2.560654513,2.57166,2.5716555,7.00E-07,1.004296162,0.7546,0.757841884,3.96E+05
E636.root,7418,2.566855752,2.57814,2.5781443,7.00E-07,1.004397812,0.7418,0.745062297,4.20E+05
E637.root,7431,2.571548457,2.58388,2.5838796,7.00E-07,1.004795221,0.7431,0.746663329,4.17E+05
E639.root,7523,2.582355144,2.5968,2.596799,7.00E-07,1.005593288,0.7523,0.756507831,3.99E+05
E640.root,7522,2.599251692,2.60978,2.6097829,7.00E-07,1.004051631,0.7522,0.755247637,4.01E+05
E641.root,7467,2.611434994,2.62283,2.6228319,7.00E-07,1.004364231,0.7467,0.749958771,4.11E+05
E642.root,7567,2.623179101,2.63595,2.635946,7.00E-07,1.004866957,0.7567,0.760382826,3.91E+05
E643.root,7597,2.63602179,2.64913,2.6491257,7.00E-07,1.004971093,0.7597,0.76347654,3.86E+05
E644.root,7588,2.649372557,2.66237,2.6623714,7.00E-07,1.004906385,0.7588,0.762522965,3.87E+05
E645.root,7618,2.664767331,2.67568,2.6756832,7.00E-07,1.004096369,0.7618,0.764920614,3.83E+05
E646.root,7623,2.678655843,2.68906,2.6890617,7.00E-07,1.003884731,0.7623,0.76526133,3.82E+05
E647.root,7718,2.691898863,2.70251,2.702507,7.00E-07,1.003940764,0.7718,0.774841481,3.64E+05
E648.root,7670,2.703818005,2.71602,2.7160195,7.00E-07,1.004512691,0.767,0.770461234,3.73E+05
E650.root,7724,2.71934583,2.7296,2.7295996,7.00E-07,1.003770675,0.7724,0.77531247,3.64E+05
E651.root,7769,2.733798191,2.74325,2.7432476,7.00E-07,1.003456513,0.7769,0.779585365,3.56E+05
E652.root,7766,2.743972424,2.75696,2.7569638,7.00E-07,1.004734514,0.7766,0.780276824,3.54E+05
E653.root,7764,2.758669609,2.77075,2.7707486,7.00E-07,1.004378557,0.7764,0.779799511,3.55E+05
E654.root,7786,2.776029516,2.7846,2.7846024,7.00E-07,1.003088182,0.7786,0.781004458,3.53E+05
E655.root,7804,2.788592792,2.79853,2.7985254,7.00E-07,1.003561871,0.7804,0.783179684,3.49E+05
E656.root,7907,2.799317288,2.81252,2.812518,7.00E-07,1.00471569,0.7907,0.794428696,3.29E+05
E657.root,7848,2.802659079,2.81405,2.8140455,7.00E-07,1.004062721,0.7848,0.787988423,3.40E+05
E658.root,7856,2.809378792,2.82515,2.8251547,7.00E-07,1.005615444,0.7856,0.790011492,3.37E+05
E659.root,7781,2.816846306,2.82658,2.8265806,7.00E-07,1.003455742,0.7781,0.780788913,3.54E+05
E661.root,7804,2.828485532,2.84071,2.8407135,7.00E-07,1.00432315,0.7804,0.783773786,3.48E+05
E662.root,7729,2.84344713,2.85492,2.8549171,7.00E-07,1.004033826,0.7729,0.776017744,3.62E+05
E663.root,7895,2.856056419,2.86919,2.8691917,7.00E-07,1.004599097,0.7895,0.793130987,3.31E+05
E664.root,7813,2.867549289,2.88354,2.8835376,7.00E-07,1.005575601,0.7813,0.785656217,3.45E+05
E665.root,7912,2.887960346,2.89796,2.8979553,7.00E-07,1.003460904,0.7912,0.793938267,3.30E+05
E666.root,7920,2.898332365,2.91245,2.9124451,7.00E-07,1.00486926,0.792,0.795856454,3.26E+05
E667.root,7955,2.915623488,2.92701,2.9270073,7.00E-07,1.003904418,0.7955,0.798605964,3.21E+05
E668.root,8012,2.927497888,2.94164,2.9416424,7.00E-07,1.004831605,0.8012,0.805071082,3.10E+05
E669.root,8019,2.940256994,2.95635,2.9563506,7.00E-07,1.005473537,0.8019,0.806289229,3.08E+05
E670.root,8015,2.958774018,2.97113,2.9711323,7.00E-07,1.004176825,0.8015,0.804847725,3.10E+05
E672.root,8082,2.972330564,2.98599,2.985988,7.00E-07,1.004594858,0.8082,0.811913564,2.98E+05
E673.root,8026,2.987356242,3.00092,3.0009179,7.00E-07,1.004539686,0.8026,0.806243552,3.08E+05
E674.root,8115,2.997205273,3.01592,3.0159225,7.00E-07,1.006244893,0.8115,0.816567731,2.89E+05
E675.root,8068,3.018054164,3.031,3.0310021,7.00E-07,1.00429016,0.8068,0.810261301,3.01E+05
E676.root,8076,3.027521538,3.04616,3.0461571,7.00E-07,1.006155385,0.8076,0.812571089,2.97E+05
E677.root,8157,3.046943622,3.06139,3.0613879,7.00E-07,1.004740579,0.8157,0.819566891,2.84E+05
E678.root,8149,3.060444292,3.07669,3.0766949,7.00E-07,1.005309885,0.8149,0.819227025,2.85E+05
E679.root,8161,3.078617418,3.09208,3.0920783,7.00E-07,1.004372379,0.8161,0.819668298,2.84E+05
E680.root,8176,3.090322319,3.10754,3.1075387,7.00E-07,1.005571063,0.8176,0.822154901,2.80E+05
E681.root,8180,3.111246492,3.12308,3.1230764,7.00E-07,1.003802305,0.818,0.821110285,2.82E+05
E683.root,8228,3.125171981,3.13869,3.1386918,7.00E-07,1.004326104,0.8228,0.826359518,2.72E+05
E684.root,8271,3.138663267,3.15439,3.1543853,7.00E-07,1.005009149,0.8271,0.831243067,2.64E+05
E685.root,8275,3.150494262,3.17016,3.1701572,7.00E-07,1.006241223,0.8275,0.832664612,2.62E+05
E686.root,8280,3.172033728,3.18601,3.186008,7.00E-07,1.004405461,0.828,0.831647722,2.63E+05
E687.root,8309,3.186081233,3.20194,3.201938,7.00E-07,1.004976887,0.8309,0.835035296,2.58E+05
E688.root,8387,3.204697597,3.21795,3.2179477,7.00E-07,1.004134588,0.8387,0.842167679,2.45E+05
E689.root,8353,3.211281274,3.23404,3.2340374,7.00E-07,1.007086307,0.8353,0.841219193,2.47E+05
E690.root,8377,3.231957713,3.25021,3.2502076,7.00E-07,1.005646697,0.8377,0.842430238,2.45E+05
E691.root,8340,3.251977767,3.26646,3.2664587,7.00E-07,1.004452962,0.834,0.83771377,2.53E+05
E692.root,8455,3.269616346,3.28279,3.282791,7.00E-07,1.004029419,0.8455,0.848906874,2.34E+05
E694.root,8420,3.279726233,3.2992,3.2992049,7.00E-07,1.005939114,0.842,0.847000734,2.37E+05
E695.root,8411,3.300601004,3.3157,3.3157009,7.00E-07,1.004574893,0.8411,0.844947942,2.41E+05
E696.root,8404,3.311982019,3.33228,3.3322794,7.00E-07,1.00612847,0.8404,0.845550366,2.40E+05
E697.root,8437,3.329125147,3.34894,3.3489408,7.00E-07,1.00595221,0.8437,0.84872188,2.34E+05
E698.root,8451,3.350446258,3.36569,3.3656856,7.00E-07,1.004548451,0.8451,0.848943896,2.34E+05
E699.root,8524,3.364153105,3.38251,3.382514,7.00E-07,1.005457806,0.8524,0.857052234,2.20E+05
E700.root,8479,3.376857579,3.39943,3.3994265,7.00E-07,1.006683409,0.8479,0.853566863,2.26E+05
E701.root,8540,3.396124901,3.41642,3.4164237,7.00E-07,1.005977047,0.854,0.859104398,2.17E+05
E702.root,8556,3.416526537,3.43351,3.4335058,7.00E-07,1.004969744,0.8556,0.859852113,2.16E+05
E703.root,8526,3.431174366,3.45067,3.4506733,7.00E-07,1.005682875,0.8526,0.857445219,2.20E+05
E705.root,8578,3.450438683,3.46793,3.4679267,7.00E-07,1.005068346,0.8578,0.862147627,2.12E+05
E706.root,8572,3.467038302,3.48527,3.4852663,7.00E-07,1.005257513,0.8572,0.86170674,2.13E+05
E785.root,8700,3.478855104,3.50269,3.5026927,2.20E-06,1.006852138,0.87,0.87596136,6.02E+04
E786.root,8620,3.502217091,3.52021,3.5202061,2.20E-06,1.005136463,0.862,0.866427631,6.52E+04
E797.root,8659,3.519658852,3.53781,3.5378072,2.20E-06,1.00515628,0.8659,0.870364823,6.31E+04
E808.root,8635,3.529182029,3.5555,3.5554962,2.20E-06,1.007456167,0.8635,0.8699384,6.33E+04
E812.root,8703,3.552788151,3.57327,3.5732737,2.20E-06,1.005766049,0.8703,0.875318192,6.05E+04
E813.root,8763,3.570160737,3.59114,3.59114,2.20E-06,1.00587628,0.8763,0.881449384,5.74E+04
E814.root,8739,3.593064277,3.6091,3.6090957,2.20E-06,1.004461769,0.8739,0.87779914,5.92E+04
E815.root,8743,3.609717074,3.62714,3.6271412,2.20E-06,1.004827006,0.8743,0.878520251,5.89E+04
E816.root,8747,3.628128955,3.64528,3.6452769,2.20E-06,1.004726388,0.8747,0.878834172,5.87E+04
E817.root,8780,3.643528389,3.6635,3.6635033,2.20E-06,1.005482299,0.878,0.882813458,5.67E+04
E787.root,8775,3.661442435,3.68182,3.6818208,2.20E-06,1.005565666,0.8775,0.882383872,5.69E+04
E788.root,8761,3.679897687,3.70023,3.7002299,2.20E-06,1.005525211,0.8761,0.880940638,5.76E+04
E789.root,8847,3.701097057,3.71873,3.7187311,2.20E-06,1.004764545,0.8847,0.888915193,5.35E+04
E790.root,8804,3.713498607,3.73732,3.7373247,2.20E-06,1.006416077,0.8804,0.886048714,5.50E+04
E791.root,8866,3.731600985,3.75601,3.7560114,2.20E-06,1.006541539,0.8866,0.892399729,5.17E+04
E792.root,8831,3.749690522,3.77479,3.7747914,2.20E-06,1.00669412,0.8831,0.889011577,5.35E+04
E793.root,8907,3.769305886,3.79367,3.7936654,2.20E-06,1.006462599,0.8907,0.896456237,4.97E+04
E794.root,8880,3.790440028,3.81263,3.8126337,2.20E-06,1.00585517,0.888,0.893199391,5.13E+04
E795.root,8876,3.806372231,3.8317,3.8316969,2.20E-06,1.00665323,0.8876,0.893505407,5.12E+04
E796.root,8933,3.824411277,3.85086,3.8508554,2.20E-06,1.00691456,0.8933,0.899476777,4.82E+04
E798.root,8900,3.844956181,3.87011,3.8701096,2.20E-06,1.006541926,0.89,0.895822314,5.00E+04
E799.root,8947,3.864593866,3.88946,3.8894602,2.20E-06,1.006434398,0.8947,0.900456856,4.77E+04
E800.root,8911,3.883543874,3.90891,3.9089075,2.20E-06,1.006531052,0.8911,0.89691982,4.94E+04
E801.root,8980,3.906411663,3.92845,3.928452,2.20E-06,1.005642093,0.898,0.903066599,4.63E+04
E802.root,8965,3.91768662,3.94809,3.9480943,2.20E-06,1.007761642,0.8965,0.903458312,4.61E+04
E803.root,9040,3.941692852,3.96783,3.9678347,2.20E-06,1.006632137,0.904,0.909995452,4.29E+04
E804.root,8957,3.957322475,3.98767,3.9876739,2.20E-06,1.007669687,0.8957,0.902569739,4.66E+04
E805.root,9014,4.028921099,4.05502,4.055024,2.20E-06,1.006478881,0.9014,0.907240063,4.42E+04
E806.root,9148,4.302215105,4.33482,4.334821,2.20E-06,1.007578862,0.9148,0.921733143,3.70E+04
E807.root,9285,4.592645757,4.63392,4.633924,2.20E-06,1.0089879,0.9285,0.936845266,2.97E+04
E809.root,9446,4.921193751,4.95366,4.953664,2.20E-06,1.006598043,0.9446,0.950832512,2.29E+04
E810.root,9520,5.256811733,5.29547,5.295467,2.20E-06,1.007353367,0.952,0.959000406,1.90E+04
E811.root,9596,5.625728206,5.66086,5.660855,2.20E-06,1.006243955,0.9596,0.965591699,1.59E+04
E818.root,9670,6.005617007,6.05145,6.051453,9.00E-06,1.007632187,0.967,0.974380325,2.88E+03
E819.root,9688,6.431832169,6.469,6.469004,9.00E-06,1.005779353,0.9688,0.974399038,2.88E+03
E830.root,9745,6.87362098,6.91537,6.915365,9.00E-06,1.006073076,0.9745,0.980418212,2.20E+03
E841.root,9792,7.345250895,7.39253,7.392525,9.00E-06,1.00643601,0.9792,0.985502141,1.62E+03
E845.root,9819,7.861376908,7.90261,7.902609,9.00E-06,1.005244894,0.9819,0.987049962,1.45E+03
E846.root,9846,8.407235943,8.44789,8.44789,9.00E-06,1.004835603,0.9846,0.989361135,1.19E+03
E847.root,9884,8.992222968,9.03079,9.030794,9.00E-06,1.004289377,0.9884,0.99263962,8.21E+02
E848.root,9879,9.610510408,9.65392,9.653919,9.00E-06,1.004516783,0.9879,0.99236213,8.52E+02
E849.root,9891,9.955413543,10.0027,10.00266,9.00E-06,1.004745806,0.9891,0.993794076,6.92E+02
E850.root,9886,10.1090306,10.1558,10.15577,9.00E-06,1.004623529,0.9886,0.993170821,7.61E+02
E820.root,9897,10.14447116,10.1966,10.19659,9.00E-06,1.00513766,0.9897,0.994784742,5.81E+02
E821.root,9748,10.21257574,10.2578,10.25783,9.00E-06,1.004431229,0.9748,0.979119562,2.34E+03
E822.root,9771,10.27901418,10.32,10.32004,9.00E-06,1.003991221,0.9771,0.980999822,2.13E+03
E823.root,9750,10.36606206,10.4109,10.41094,9.00E-06,1.004329314,0.975,0.979221081,2.33E+03
E824.root,9789,10.98117309,11.0321,11.03212,9.00E-06,1.004639478,0.9789,0.983441585,1.86E+03
E825.root,9809,11.27546167,11.3131,11.31312,9.00E-06,1.003339848,0.9809,0.984176057,1.77E+03
E826.root,9805,11.45056227,11.4863,11.48628,9.00E-06,1.003119299,0.9805,0.983558473,1.84E+03
E827.root,9835,11.49362499,11.5325,11.53246,9.00E-06,1.00337883,0.9835,0.98682308,1.47E+03
E828.root,9737,11.54770878,11.6017,11.60172,9.00E-06,1.004677224,0.9737,0.978254213,2.44E+03
E829.root,9761,11.72725573,11.7749,11.77488,9.00E-06,1.00406099,0.9761,0.980063932,2.24E+03
E831.root,9771,11.750837,11.7933,11.79334,9.00E-06,1.003617019,0.9771,0.980634189,2.17E+03
E832.root,9761,11.81371656,11.8578,11.8578,9.00E-06,1.003731547,0.9761,0.979742363,2.27E+03
E833.root,9782,11.99511383,12.0393,12.0393,9.00E-06,1.003683681,0.9782,0.981803377,2.04E+03
E834.root,9762,12.04187459,12.0877,12.0877,9.00E-06,1.003805505,0.9762,0.979914934,2.25E+03
E835.root,9742,12.11862616,12.1603,12.1603,9.00E-06,1.003438825,0.9742,0.977550104,2.52E+03
E836.root,9750,12.29714367,12.3418,12.3418,9.00E-06,1.003631439,0.975,0.978540653,2.41E+03
E837.root,9772,12.54822505,12.6071,12.60708,9.00E-06,1.004690301,0.9772,0.981783362,2.04E+03
E838.root,9808,13.42523265,13.477,13.47697,9.00E-06,1.00385374,0.9808,0.984579748,1.73E+03
E839.root,9844,14.34559998,14.4069,14.40688,9.00E-06,1.004271694,0.9844,0.988605056,1.27E+03
E840.root,9855,15.34482128,15.401,15.40095,9.00E-06,1.003657828,0.9855,0.98910479,1.22E+03
E842.root,9868,16.40421666,16.4636,16.46362,9.00E-06,1.003621224,0.9868,0.990373424,1.07E+03
E843.root,9915,17.50943027,17.5996,17.59961,9.00E-06,1.005150352,0.9915,0.996606574,3.78E+02
E844.root,9937,18.73039723,18.814,18.81398,9.00E-06,1.004462413,0.9937,0.9981343,2.07E+02
E851.root,9923,20.04396738,20.1122,20.11215,4.00E-05,1.003401653,0.9923,0.99567546,1.08E+02
E852.root,9929,21.42420749,21.4999,21.49988,4.00E-05,1.003532103,0.9929,0.996407025,9.00E+01
E853.root,9950,22.91061465,22.9834,22.98338,4.00E-05,1.003176054,0.995,0.998160174,4.60E+01
E854.root,9944,24.48984587,24.5692,24.56923,4.00E-05,1.003241512,0.9944,0.99762336,5.95E+01
E855.root,9955,26.19255279,26.2645,26.2645,0.0001,1.002746857,0.9955,0.998234497,1.77E+01
E856.root,9955,27.98196786,28.0768,28.07676,0.0001,1.003387615,0.9955,0.998872371,1.13E+01
E867.root,9958,29.92346338,30.0141,30.01405,0.0001,1.003027277,0.9958,0.998814563,1.19E+01
E874.root,9954,31.97204332,32.085,32.08502,0.0001,1.003533608,0.9954,0.998917354,1.08E+01
E875.root,9975,34.19126645,34.2989,34.29889,0.0001,1.003147691,0.9975,1.000639822,6.40E+00
E876.root,9965,36.55784829,36.6655,36.66551,0.0001,1.002944968,0.9965,0.999434661,5.65E+00
E877.root,9972,39.09010314,39.1954,39.19543,0.0001,1.002694464,0.9972,0.999886919,1.13E+00
E878.root,9976,41.75995474,41.8999,41.89992,0.0001,1.003351662,0.9976,1.000943618,9.43E+00
E879.root,9963,44.64660121,44.791,44.79101,0.0001,1.003234486,0.9963,0.999522518,4.78E+00
E880.root,9969,47.6914808,47.8816,47.88159,0.0001,1.00398623,0.9969,1.000873872,8.73E+00
E857.root,9977,50.96469465,51.1854,51.18542,0.0001,1.004330946,0.9977,1.002020985,2.02E+01
E858.root,9976,54.44140114,54.7172,54.71721,0.0001,1.00506616,0.9976,1.002654001,2.65E+01
E859.root,9974,58.2658024,58.4927,58.4927,0.0001,1.003894181,0.9974,1.001284056,1.28E+01
E860.root,9968,62.24933749,62.5287,62.5287,0.0001,1.004487799,0.9968,1.001273438,1.27E+01
E861.root,9973,66.47133456,66.8432,66.84318,0.0001,1.005594072,0.9973,1.002878968,2.87E+01
E862.root,9971,67.82169946,68.1345,68.1345,0.0001,1.004612101,0.9971,1.001698726,1.70E+01
E863.root,9972,68.8305778,69.1774,69.17738,0.0001,1.00503849,0.9972,1.002224383,2.22E+01
E864.root,9977,68.99454538,69.4555,69.45548,0.0001,1.00668074,0.9977,1.004365374,4.36E+01
E865.root,9979,69.53159479,69.8726,69.87263,0.0001,1.004904752,0.9979,1.002794452,2.79E+01
E866.root,9984,70.60177356,70.9155,70.9155,0.0001,1.004443606,0.9984,1.002836496,2.83E+01
E868.root,9986,71.13327661,71.4554,71.45536,0.0001,1.004527886,0.9986,1.003121547,3.12E+01
E869.root,9981,76.01897144,76.3858,76.38578,0.0001,1.004825224,0.9981,1.002916056,2.91E+01
E870.root,9992,81.19938294,81.6564,81.6564,0.0001,1.005628332,0.9992,1.004823829,4.81E+01
E871.root,9985,86.7884058,87.2907,87.29069,0.0001,1.005787457,0.9985,1.004278776,4.27E+01
E872.root,9994,92.97485731,93.3137,93.31374,0.0001,1.003644885,0.9994,1.003042698,3.04E+01
E873.root,9995,99.36300266,99.7524,99.75239,0.0001,1.003918836,0.9995,1.003416877,3.41E+01
E881.root,9989,106.1973583,106.635,106.6353,0.001,1.004123847,0.9989,1.003019311,3.01E+00
E882.root,9990,113.4660742,113.993,113.9931,0.001,1.004644787,0.999,1.003640143,3.63E+00
E883.root,9992,121.4033363,121.859,121.8587,0.001,1.003750833,0.9992,1.002947833,2.94E+00
E884.root,9991,129.6489309,130.267,130.2669,0.001,1.00476648,0.9991,1.003862191,3.85E+00
E885.root,9997,138.7201821,139.255,139.2553,0.001,1.003857535,0.9997,1.003556377,3.55E+00
E886.root,9996,148.3400062,148.864,148.864,0.001,1.003532384,0.9996,1.003130971,3.13E+00
E887.root,9995,158.6207298,159.136,159.1356,0.001,1.00324592,0.9995,1.002744297,2.74E+00
E888.root,9995,169.394139,170.116,170.1159,0.001,1.004260838,0.9995,1.003758708,3.75E+00
E889.root,9992,180.9128133,181.854,181.8539,0.001,1.00520188,0.9992,1.004397718,4.39E+00
E890.root,9994,193.3758119,194.402,194.4018,0.001,1.005305669,0.9994,1.004702486,4.69E+00
E891.root,16,206.3508996,207.816,207.8156,0.005,1.007098105,0.0016,0.001611357,1.29E+03
E892.root,26,219.4944101,222.155,222.1548,0.005,1.012120536,0.0026,0.002631513,1.19E+03
E893.root,75,233.8514738,237.483,237.4835,0.005,1.015531338,0.0075,0.007616485,9.75E+02
E894.root,167,247.5822802,253.87,253.8699,0.005,1.025396082,0.0167,0.017124115,8.13E+02
E895.root,333,266.180696,271.387,271.3869,0.005,1.019558909,0.0333,0.033951312,6.77E+02
E896.root,521,285.1713355,290.113,290.1126,0.005,1.017327353,0.0521,0.053002755,5.87E+02
E897.root,10,289.9885213,310.13,310.1304,0.013,1.069457503,0.001,0.001069458,5.26E+02
E898.root,17,321.5202419,331.529,331.5294,0.013,1.031130725,0.0017,0.001752922,4.88E+02
E899.root,59,347.2382893,354.405,354.4049,0.013,1.020638884,0.0059,0.006021769,3.93E+02
E900.root,101,361.0954977,378.859,378.8588,0.013,1.04919281,0.0101,0.010596847,3.50E+02
E901.root,166,394.2889637,405,405.0001,0.013,1.027165702,0.0166,0.017050951,3.13E+02
E902.root,282,414.3175022,432.945,432.9451,1.30E-02,1.044959717,0.0282,0.029467864,2.71E+02
