File,Entries,Mean,Max Energy
E1.root,71,0.006130499999999995,0.0061305
E10.root,25,0.03323520000000001,0.03323519999999999
E100.root,777,0.20202900000000082,0.202029
E101.root,722,0.20303999999999944,0.20304000000000003
E102.root,801,0.20405500000000054,0.204055
E103.root,721,0.2050749999999967,0.20507500000000004
E104.root,781,0.2061000000000007,0.20609999999999998
E105.root,761,0.20713100000000179,0.20713099999999998
E106.root,822,0.20816700000000243,0.208167
E107.root,847,0.2092069999999999,0.20920699999999998
E108.root,779,0.2102529999999971,0.21025300000000002
E109.root,1972,0.10776799999999512,0.107768
E11.root,16,0.03343200000000001,0.033432
E110.root,786,0.21130500000000121,0.211305
E111.root,763,0.21236099999999822,0.212361
E112.root,747,0.21342300000000322,0.213423
E113.root,761,0.21449000000000146,0.21449000000000001
E114.root,874,0.21556300000000247,0.215563
E115.root,864,0.21664000000000314,0.21664000000000003
E116.root,832,0.2177240000000021,0.21772400000000003
E117.root,855,0.21881200000000428,0.21881199999999998
E118.root,811,0.219906000000001,0.21990600000000002
E119.root,837,0.22100599999999776,0.22100599999999998
E12.root,1,0.012216099999999999,0.012216099999999999
E120.root,2039,0.10830699999999792,0.108307
E121.root,788,0.22211100000000247,0.22211099999999998
E122.root,829,0.22322099999999723,0.223221
E123.root,825,0.22433799999999807,0.22433800000000004
E124.root,824,0.2254590000000007,0.225459
E125.root,854,0.22658699999999687,0.22658699999999998
E126.root,804,0.2277190000000001,0.22771900000000003
E127.root,868,0.22885800000000198,0.228858
E128.root,838,0.23000200000000381,0.23000199999999998
E129.root,859,0.23115200000000166,0.23115200000000002
E13.root,29,0.033566399999999996,0.033566399999999996
E130.root,816,0.23230799999999807,0.23230800000000001
E131.root,1972,0.10884899999999859,0.108849
E132.root,847,0.2334700000000025,0.23346999999999998
E133.root,815,0.2346369999999994,0.23463700000000004
E134.root,863,0.2358099999999954,0.23580999999999996
E135.root,902,0.23698899999999615,0.236989
E136.root,857,0.23817399999999544,0.238174
E137.root,883,0.23936499999999875,0.23936500000000005
E138.root,884,0.24056200000000322,0.240562
E139.root,866,0.24176499999999526,0.241765
E14.root,38,0.03376800000000001,0.033768
E140.root,915,0.24297400000000224,0.24297400000000002
E141.root,915,0.24418800000000207,0.244188
E142.root,1910,0.1093930000000032,0.109393
E143.root,931,0.24521100000000426,0.245211
E144.root,915,0.24540899999999674,0.245409
E145.root,943,0.24558899999999695,0.245589
E146.root,925,0.2466359999999968,0.246636
E147.root,932,0.24787000000000414,0.24787
E148.root,840,0.24910900000000258,0.24910900000000002
E149.root,776,0.2503539999999965,0.25035399999999997
E15.root,40,0.034272000000000004,0.034272
E150.root,853,0.25160600000000277,0.25160600000000005
E151.root,822,0.2528639999999965,0.252864
E152.root,896,0.25412900000000416,0.25412899999999994
E153.root,1820,0.10993999999999673,0.10994000000000002
E154.root,845,0.2553990000000033,0.255399
E155.root,897,0.2566759999999989,0.256676
E156.root,919,0.2579599999999975,0.25796
E157.root,906,0.25859600000000404,0.258596
E158.root,873,0.25900400000000284,0.25900399999999996
E159.root,943,0.25924900000000417,0.259249
E16.root,50,0.03488800000000002,0.034888
E160.root,919,0.2605460000000035,0.260546
E161.root,816,0.26184799999999475,0.26184799999999997
E162.root,869,0.26315800000000267,0.263158
E163.root,832,0.2644730000000029,0.264473
E164.root,2230,0.10100299999999769,0.10100300000000001
E165.root,1870,0.11048999999999878,0.11049
E166.root,833,0.26579599999999654,0.265796
E167.root,886,0.2671249999999949,0.267125
E168.root,896,0.2684600000000031,0.26846
E169.root,902,0.26980299999999746,0.269803
E17.root,54,0.035422000000000016,0.035422
E170.root,941,0.27115200000000067,0.27115199999999995
E171.root,947,0.2725069999999961,0.272507
E172.root,929,0.27386999999999484,0.27387
E173.root,907,0.2752389999999992,0.27523899999999996
E174.root,930,0.27661599999999575,0.276616
E175.root,956,0.2779989999999968,0.277999
E176.root,1899,0.1110309194312777,0.111042
E177.root,934,0.2793890000000029,0.279389
E178.root,940,0.28078600000000364,0.280786
E179.root,953,0.282188999999996,0.28218899999999997
E18.root,50,0.035528500000000025,0.0355285
E180.root,1005,0.28360000000000246,0.2836
E181.root,981,0.28501800000000066,0.285018
E182.root,954,0.28644399999999687,0.28644400000000003
E183.root,1045,0.2878760000000014,0.287876
E184.root,1044,0.28931499999999355,0.289315
E185.root,1075,0.2907619999999957,0.290762
E186.root,1115,0.2922159999999973,0.292216
E187.root,1874,0.11159699999999723,0.111597
E188.root,1096,0.2936770000000021,0.293677
E189.root,1055,0.29514499999999555,0.295145
E19.root,70,0.03556440000000002,0.0355644
E190.root,1075,0.29662099999999875,0.296621
E191.root,1098,0.29810400000000237,0.298104
E192.root,1135,0.2995940000000079,0.29959399999999997
E193.root,1177,0.3010919999999985,0.30109199999999997
E194.root,1130,0.3025979999999941,0.302598
E195.root,1159,0.304110999999997,0.304111
E196.root,1236,0.30563100000000415,0.305631
E197.root,1168,0.30715900000000784,0.30715899999999996
E198.root,1816,0.1121550000000012,0.112155
E199.root,1170,0.3086950000000001,0.30869500000000005
E2.root,49,0.006222000000000003,0.006222
E20.root,71,0.035769999999999996,0.03577
E200.root,1234,0.31023900000000604,0.310239
E201.root,1230,0.31178999999999235,0.31179
E202.root,1260,0.3133490000000025,0.313349
E203.root,1277,0.31491599999999625,0.314916
E204.root,1180,0.31648999999999233,0.31649
E205.root,1296,0.31807300000000915,0.31807300000000005
E206.root,1310,0.3196629999999947,0.31966300000000003
E207.root,1283,0.321260999999996,0.32126099999999996
E208.root,1346,0.3228680000000114,0.322868
E209.root,1817,0.11271600000000392,0.11271600000000001
E21.root,74,0.035778000000000046,0.035778
E210.root,1319,0.32448199999999305,0.324482
E211.root,1316,0.32610399999999085,0.32610399999999995
E212.root,1375,0.32773500000000544,0.327735
E213.root,1450,0.3293739999999881,0.329374
E214.root,1405,0.3310200000000088,0.33102
E215.root,1435,0.3326759999999951,0.33267599999999997
E216.root,1425,0.334339,0.334339
E217.root,1498,0.33601099999999584,0.336011
E218.root,1504,0.33769100000000574,0.33769099999999996
E219.root,1458,0.33937900000000526,0.339379
E22.root,59,0.036317499999999996,0.036317499999999996
E220.root,1848,0.11328000000000261,0.11327999999999999
E221.root,1476,0.34107599999999044,0.341076
E222.root,1560,0.3427809999999996,0.34278099999999995
E223.root,1533,0.3444949999999973,0.344495
E224.root,1511,0.3462180000000086,0.34621799999999997
E225.root,1545,0.34794900000001205,0.347949
E226.root,1587,0.34968900000000896,0.34968899999999997
E227.root,1624,0.3514369999999938,0.351437
E228.root,1597,0.35319399999999157,0.35319399999999995
E229.root,1634,0.3549600000000047,0.35495999999999994
E23.root,78,0.03646349999999999,0.0364635
E230.root,1680,0.3567349999999973,0.356735
E231.root,1766,0.11384599999999705,0.11384599999999999
E232.root,1691,0.3585190000000011,0.358519
E233.root,1629,0.3603110000000125,0.360311
E234.root,1642,0.3621130000000106,0.362113
E235.root,1678,0.36392299999999983,0.36392300000000005
E236.root,1669,0.3657429999999975,0.36574300000000004
E237.root,1716,0.3675719999999962,0.36757199999999995
E238.root,1678,0.3694100000000073,0.36941
E239.root,1715,0.37125700000001133,0.371257
E24.root,83,0.036682499999999965,0.0366825
E240.root,1740,0.37311299999999165,0.373113
E241.root,1783,0.3749780000000121,0.374978
E242.root,1720,0.11441500000000111,0.114415
E243.root,1732,0.37685299999999133,0.376853
E244.root,1738,0.3787379999999985,0.37873799999999996
E245.root,1764,0.3806309999999946,0.38063100000000005
E246.root,1818,0.3825349999999952,0.38253499999999996
E247.root,1860,0.38444700000001325,0.384447
E248.root,1861,0.3863689999999855,0.386369
E249.root,1847,0.3883009999999939,0.38830099999999995
E25.root,76,0.037230000000000055,0.03723
E250.root,1899,0.3902430000000158,0.39024300000000006
E251.root,1959,0.3921940000000104,0.392194
E252.root,1927,0.3941549999999912,0.394155
E253.root,1742,0.11498700000000446,0.11498700000000002
E254.root,2004,0.3961259999999885,0.396126
E255.root,1938,0.39810599999999147,0.39810600000000007
E256.root,1964,0.4000969999999897,0.4000970000000001
E257.root,1958,0.402097000000017,0.40209700000000004
E258.root,2002,0.4041079999999853,0.404108
E259.root,2070,0.4061279999999934,0.40612800000000004
E26.root,115,0.03797989999999993,0.0379799
E260.root,2124,0.40815899999998667,0.40815900000000005
E261.root,2183,0.4102000000000071,0.4102
E262.root,2027,0.41225099999999554,0.412251
E263.root,2147,0.4143119999999958,0.414312
E264.root,1756,0.11556200000000283,0.11556200000000001
E265.root,2184,0.41638399999999415,0.416384
E266.root,2179,0.41846599999999107,0.41846600000000006
E267.root,2193,0.4205580000000203,0.420558
E268.root,2214,0.4226609999999789,0.42266099999999995
E269.root,2228,0.4247739999999855,0.42477400000000004
E27.root,178,0.04060050000000003,0.0406005
E270.root,2318,0.42477699999997826,0.42477699999999996
E271.root,2224,0.42582300000001216,0.42582300000000006
E272.root,2275,0.42689800000002154,0.426898
E273.root,2091,0.42903200000000596,0.4290320000000001
E274.root,2173,0.4311780000000161,0.43117800000000006
E275.root,2181,0.10150799999999713,0.10150800000000001
E276.root,1694,0.11614000000000131,0.11614000000000001
E277.root,2105,0.43333299999997926,0.433333
E278.root,2189,0.4355000000000183,0.4355
E279.root,2203,0.4376780000000049,0.437678
E28.root,22,0.043402000000000024,0.043402
E280.root,2181,0.4398660000000219,0.43986600000000003
E281.root,2194,0.442064999999985,0.44206500000000004
E282.root,2246,0.4442759999999743,0.44427600000000006
E283.root,2210,0.4464970000000152,0.44649700000000003
E284.root,2182,0.4487289999999817,0.44872900000000004
E285.root,2204,0.45097299999998325,0.450973
E286.root,2297,0.4532279999999904,0.45322799999999996
E287.root,1726,0.11672100000000361,0.11672100000000002
E288.root,2354,0.4554940000000188,0.45549400000000007
E289.root,2383,0.45777199999998347,0.45777200000000007
E29.root,45,0.04586399999999995,0.045864
E290.root,2344,0.4600600000000044,0.46005999999999997
E291.root,2417,0.4623609999999983,0.46236099999999997
E292.root,2420,0.46467299999997347,0.46467300000000006
E293.root,2475,0.466996000000008,0.466996
E294.root,2424,0.46933100000000955,0.469331
E295.root,2435,0.47167800000000965,0.471678
E296.root,2393,0.4740359999999907,0.47403600000000007
E297.root,2545,0.47640599999999733,0.47640600000000005
E298.root,1625,0.1173039999999978,0.117304
E299.root,2546,0.4787879999999893,0.47878799999999994
E3.root,5,0.01069,0.01069
E30.root,57,0.04639669999999998,0.04639669999999999
E300.root,2497,0.48118199999999106,0.481182
E301.root,2642,0.4835880000000316,0.4835880000000001
E302.root,2686,0.4860060000000049,0.4860060000000001
E303.root,2619,0.4884360000000061,0.488436
E304.root,2676,0.49087799999999854,0.4908779999999999
E305.root,2638,0.4909219999999761,0.49092199999999997
E306.root,2603,0.49227800000001015,0.49227799999999994
E307.root,2730,0.4933329999999793,0.49333299999999997
E308.root,2709,0.4957990000000171,0.495799
E309.root,1666,0.11789099999999522,0.11789100000000001
E31.root,52,0.046566000000000024,0.046566
E310.root,2653,0.49827800000002204,0.498278
E311.root,2648,0.5007700000000158,0.5007699999999999
E312.root,2722,0.5032730000000193,0.5032730000000001
E313.root,2692,0.5057899999999987,0.50579
E314.root,2754,0.508319000000013,0.5083189999999999
E315.root,2786,0.5108600000000157,0.51086
E316.root,2766,0.5134149999999763,0.5134150000000001
E317.root,2839,0.515981999999973,0.515982
E318.root,2869,0.5185619999999793,0.518562
E319.root,2917,0.5211540000000195,0.521154
E32.root,51,0.04675319999999996,0.046753199999999995
E320.root,1639,0.11848000000000335,0.11848000000000002
E321.root,2894,0.523760000000023,0.52376
E322.root,2888,0.526378999999979,0.5263789999999999
E323.root,2946,0.5290110000000217,0.529011
E324.root,2994,0.5316560000000387,0.5316559999999999
E325.root,3020,0.5343139999999951,0.534314
E326.root,3088,0.5369860000000162,0.5369860000000002
E327.root,3102,0.5396709999999986,0.539671
E328.root,3152,0.542369000000007,0.542369
E329.root,3169,0.5450809999999853,0.545081
E33.root,1,0.013960099999999998,0.013960099999999998
E330.root,3104,0.5478060000000232,0.547806
E331.root,1609,0.11907299999999549,0.119073
E332.root,3213,0.55054500000004,0.5505450000000002
E333.root,3285,0.5532980000000277,0.5532980000000001
E334.root,3227,0.5560649999999905,0.5560650000000001
E335.root,3240,0.5588450000000161,0.558845
E336.root,3316,0.5616390000000128,0.561639
E337.root,3322,0.5644469999999767,0.564447
E338.root,3392,0.5672700000000069,0.5672699999999999
E339.root,3371,0.5701059999999559,0.5701060000000001
E34.root,42,0.04703400000000001,0.047034000000000006
E340.root,3346,0.57295599999998,0.5729560000000001
E341.root,3395,0.575820999999962,0.575821
E342.root,1610,0.11966799999999776,0.11966800000000002
E343.root,3487,0.5787000000000226,0.5786999999999999
E344.root,3351,0.5815939999999957,0.5815940000000002
E345.root,3400,0.5845019999999743,0.584502
E346.root,3554,0.5874240000000371,0.5874240000000001
E347.root,3608,0.5903610000000196,0.5903609999999999
E348.root,3739,0.5933130000000202,0.593313
E349.root,3630,0.594107999999994,0.5941080000000001
E35.root,61,0.047736,0.047736
E350.root,3601,0.5958929999999845,0.5958930000000001
E351.root,3587,0.5962799999999913,0.59628
E352.root,3548,0.5992610000000193,0.599261
E353.root,1623,0.12026599999999595,0.120266
E354.root,3578,0.6022579999999463,0.6022580000000001
E355.root,3640,0.6052689999999736,0.6052690000000001
E356.root,3630,0.6082949999999984,0.608295
E357.root,3727,0.6113370000000135,0.611337
E358.root,3701,0.6143930000000025,0.614393
E359.root,3780,0.6174650000000005,0.6174649999999999
E36.root,97,0.049598099999999944,0.04959809999999999
E360.root,3694,0.620553,0.620553
E361.root,3817,0.6236550000000205,0.6236550000000001
E362.root,3898,0.6267739999999953,0.626774
E363.root,3816,0.6299079999999351,0.629908
E364.root,1514,0.12086800000000138,0.12086799999999999
E365.root,3820,0.6330570000000074,0.633057
E366.root,3902,0.6362220000000447,0.6362220000000001
E367.root,3993,0.6394029999999905,0.6394030000000002
E368.root,3925,0.6425999999999888,0.6426000000000001
E369.root,4017,0.645813000000047,0.6458130000000001
E37.root,8,0.05302040000000001,0.0530204
E370.root,3944,0.6490429999999376,0.6490429999999999
E371.root,4026,0.6522880000000488,0.652288
E372.root,4015,0.6555490000000308,0.655549
E373.root,4050,0.6588270000000295,0.658827
E374.root,4132,0.6621209999999804,0.6621210000000001
E375.root,1519,0.12147200000000206,0.12147199999999998
E376.root,4186,0.6654319999999491,0.665432
E377.root,4206,0.6687590000000099,0.6687590000000001
E378.root,4255,0.6721030000000014,0.672103
E379.root,4197,0.6754630000000279,0.675463
E38.root,6,0.05667880000000001,0.0566788
E380.root,4368,0.6788400000000286,0.67884
E381.root,4305,0.6822350000000609,0.682235
E382.root,4364,0.685645999999943,0.685646
E383.root,4433,0.6890739999999295,0.689074
E384.root,4416,0.6925190000000321,0.6925190000000001
E385.root,4351,0.6959820000000396,0.6959820000000001
E386.root,2193,0.10201499999999633,0.10201500000000001
E387.root,1507,0.12207900000000375,0.12207899999999998
E388.root,4515,0.6994620000000321,0.699462
E389.root,4434,0.7029590000000498,0.702959
E39.root,464,0.07864199999999973,0.07864199999999999
E390.root,4495,0.7064740000000419,0.7064739999999999
E391.root,4571,0.7100059999999355,0.710006
E392.root,4568,0.7135560000000389,0.713556
E393.root,4642,0.7171239999999245,0.717124
E394.root,4664,0.720710000000045,0.7207100000000001
E395.root,4613,0.7243130000000525,0.7243130000000001
E396.root,4725,0.7279349999999223,0.7279350000000001
E397.root,4735,0.731574999999926,0.7315749999999999
E398.root,1459,0.12269000000000334,0.12269000000000001
E399.root,4757,0.7352329999999802,0.735233
E4.root,2,0.0114276,0.0114276
E40.root,480,0.07912410000000066,0.0791241
E400.root,4753,0.738909000000043,0.738909
E401.root,4865,0.742603000000042,0.7426030000000001
E402.root,4788,0.7463160000000776,0.7463160000000001
E403.root,4892,0.7500479999999744,0.7500480000000002
E404.root,4988,0.7537980000000706,0.7537980000000002
E405.root,4872,0.7575670000000768,0.757567
E406.root,4931,0.7613550000000647,0.761355
E407.root,5078,0.7651620000000502,0.765162
E408.root,5043,0.7689869999999487,0.7689870000000001
E409.root,1440,0.12330300000000054,0.12330300000000001
E41.root,549,0.08458370000000075,0.0845837
E410.root,5047,0.7728320000000779,0.772832
E411.root,5053,0.7766969999999036,0.776697
E412.root,5105,0.7805800000000712,0.78058
E413.root,5243,0.7844829999999378,0.784483
E414.root,5153,0.7884049999998984,0.788405
E415.root,5210,0.7923470000000387,0.7923470000000001
E416.root,5248,0.7963089999999367,0.796309
E417.root,5272,0.800291000000001,0.8002910000000001
E418.root,5263,0.8042919999999097,0.804292
E419.root,5348,0.808313999999963,0.8083140000000001
E42.root,591,0.0904200000000012,0.09042000000000001
E420.root,1486,0.1239199999999984,0.12391999999999999
E421.root,5359,0.8123550000000234,0.812355
E422.root,5465,0.8164170000000012,0.8164170000000001
E423.root,5451,0.820498999999986,0.8204990000000001
E424.root,5475,0.8246009999999427,0.8246010000000001
E425.root,5399,0.8287249999999711,0.8287249999999999
E426.root,5507,0.8328680000000159,0.832868
E427.root,5523,0.8370319999999838,0.8370320000000001
E428.root,5558,0.8412179999999683,0.8412179999999999
E429.root,5549,0.84542400000007,0.845424
E43.root,541,0.09665890000000088,0.09665890000000002
E430.root,5618,0.8496510000000591,0.849651
E431.root,1387,0.12453899999999879,0.12453900000000001
E432.root,5543,0.8538990000000293,0.853899
E433.root,5611,0.8581690000000661,0.858169
E434.root,5726,0.8624589999999502,0.8624590000000001
E435.root,5793,0.866772000000013,0.866772
E436.root,5673,0.8711059999999705,0.8711059999999999
E437.root,5792,0.8754609999999776,0.8754610000000002
E438.root,5890,0.8798379999999089,0.879838
E439.root,5830,0.884237999999981,0.8842380000000001
E44.root,41,0.06058959999999999,0.06058959999999999
E440.root,5923,0.8886590000001048,0.888659
E441.root,5934,0.8931019999999991,0.893102
E442.root,1400,0.12516199999999864,0.125162
E443.root,5922,0.8975680000000359,0.897568
E444.root,1426,0.12578799999999998,0.12578799999999998
E445.root,1424,0.12641700000000292,0.126417
E446.root,1404,0.12704899999999955,0.12704899999999997
E447.root,1351,0.12768399999999797,0.127684
E448.root,2233,0.10252500000000625,0.102525
E449.root,1380,0.12832299999999705,0.12832300000000002
E45.root,90,0.06477030000000011,0.06477030000000002
E450.root,1332,0.12896399999999827,0.128964
E451.root,1324,0.12960899999999798,0.129609
E452.root,1307,0.13025700000000026,0.13025699999999998
E453.root,1331,0.13090800000000302,0.130908
E454.root,1291,0.1315629999999999,0.13156299999999999
E455.root,1253,0.1322209999999979,0.13222099999999998
E456.root,1199,0.1328819999999974,0.13288200000000003
E457.root,1201,0.13354599999999778,0.13354599999999997
E458.root,1243,0.13421399999999672,0.134214
E459.root,2178,0.10303799999999835,0.103038
E46.root,219,0.06923940000000028,0.06923939999999999
E460.root,1225,0.1348849999999977,0.134885
E461.root,1186,0.1355590000000006,0.13555899999999999
E462.root,1160,0.13623699999999692,0.13623700000000002
E463.root,1137,0.1369179999999996,0.136918
E464.root,1145,0.13760300000000142,0.13760300000000003
E465.root,1189,0.13829100000000064,0.13829100000000003
E466.root,1127,0.13898199999999877,0.138982
E467.root,1111,0.13967700000000327,0.139677
E468.root,1107,0.14037600000000264,0.140376
E469.root,1099,0.14107799999999607,0.14107799999999998
E47.root,351,0.07401690000000015,0.0740169
E470.root,2199,0.10355300000000349,0.10355300000000002
E471.root,1129,0.14178300000000163,0.14178299999999996
E472.root,1026,0.1424920000000019,0.14249200000000004
E473.root,1093,0.14320399999999792,0.14320400000000003
E474.root,1068,0.14391999999999944,0.14392000000000002
E475.root,1061,0.14464000000000016,0.14464000000000002
E476.root,1061,0.1453630000000025,0.14536300000000002
E477.root,1032,0.14608999999999867,0.14609000000000003
E478.root,1049,0.14682099999999965,0.14682099999999998
E479.root,1063,0.1475550000000003,0.147555
E48.root,400,0.0755580000000002,0.075558
E480.root,984,0.14829199999999848,0.148292
E481.root,2096,0.10407100000000302,0.10407100000000001
E482.root,1029,0.1490340000000003,0.14903400000000003
E483.root,950,0.1497789999999978,0.149779
E484.root,972,0.15052799999999894,0.15052800000000002
E485.root,977,0.15128099999999997,0.15128100000000003
E486.root,976,0.15203700000000403,0.15203699999999998
E487.root,1002,0.15279700000000146,0.152797
E488.root,1007,0.15356099999999848,0.15356100000000003
E489.root,895,0.1543290000000006,0.15432900000000002
E49.root,438,0.07671450000000056,0.0767145
E490.root,971,0.15510100000000135,0.15510100000000004
E491.root,935,0.15587600000000326,0.15587600000000004
E492.root,2086,0.10459099999999925,0.10459100000000002
E493.root,915,0.1566550000000006,0.15665500000000002
E494.root,929,0.1574389999999991,0.15743900000000005
E495.root,925,0.15822600000000103,0.15822600000000003
E496.root,881,0.15901700000000268,0.15901700000000002
E497.root,902,0.15981200000000004,0.159812
E498.root,887,0.16061100000000073,0.160611
E499.root,906,0.16141399999999836,0.16141400000000003
E5.root,1,0.023807299999999997,0.023807299999999997
E50.root,462,0.07702289999999987,0.0770229
E500.root,901,0.162221,0.16222100000000003
E501.root,925,0.1630319999999989,0.16303199999999998
E502.root,851,0.16384800000000135,0.16384800000000002
E503.root,6076,0.9020549999999025,0.9020550000000002
E504.root,6052,0.9065659999999752,0.9065660000000001
E505.root,6250,0.9481869999999656,0.948187
E506.root,8287,1.4813231177383435,1.48539
E507.root,8315,1.4883107793532087,1.4928100000000002
E508.root,8318,1.4950316997291864,1.5002800000000003
E509.root,8358,1.502173010448326,1.5077800000000003
E51.root,462,0.07748550000000086,0.0774855
E510.root,8320,1.510774928355996,1.5153200000000002
E511.root,8295,1.5176004675241486,1.5228900000000003
E512.root,8385,1.5247820892354436,1.5305100000000003
E513.root,8381,1.532467822932471,1.5381600000000002
E514.root,8339,1.5420925836587178,1.5458500000000002
E515.root,8429,1.5478388526330216,1.5535800000000004
E516.root,6311,0.9529279999999487,0.952928
E517.root,8388,1.5561994245292043,1.5613500000000005
E518.root,8416,1.5637626677837613,1.5691600000000003
E519.root,8479,1.5706168973212673,1.5770000000000004
E52.root,2295,0.09999999999999619,0.09999999999999999
E520.root,8469,1.5784038365247264,1.5848900000000001
E521.root,8521,1.585877763909972,1.5928100000000005
E522.root,8469,1.5943844216902907,1.6007800000000003
E523.root,8509,1.6030661157669246,1.6087800000000003
E524.root,8482,1.6101175132376238,1.6168200000000006
E525.root,8553,1.6183542681909036,1.6249100000000003
E526.root,8545,1.6265875806777808,1.6330300000000004
E527.root,6342,0.9576919999999564,0.957692
E528.root,8538,1.6346797983964216,1.6412000000000004
E529.root,8558,1.6403090290386146,1.6494000000000004
E53.root,2239,0.10050000000000334,0.1005
E530.root,8579,1.650286701228544,1.65765
E531.root,8587,1.6592410066613197,1.6659400000000004
E532.root,8608,1.6677447124331368,1.6742700000000004
E533.root,8674,1.6755949586911152,1.6826400000000001
E534.root,8636,1.684748558144468,1.6910500000000004
E535.root,8669,1.6934672586017177,1.6995100000000003
E536.root,8649,1.7026762103747586,1.7080100000000003
E537.root,8640,1.7083945337044146,1.7165500000000002
E538.root,6394,0.9624809999998719,0.962481
E539.root,8726,1.717944377468806,1.7251300000000005
E54.root,2045,0.10511399999999461,0.10511400000000001
E540.root,8688,1.7275146577203715,1.73375
E541.root,8706,1.73496211343772,1.7424200000000003
E542.root,8737,1.7436896287080705,1.7511300000000005
E543.root,8736,1.7523025283861748,1.7598900000000002
E544.root,8799,1.76207176355115,1.7686900000000008
E545.root,8775,1.7698327038195414,1.7775300000000003
E546.root,8819,1.7786083316639225,1.7864200000000003
E547.root,8847,1.7873485735027204,1.7953500000000002
E548.root,8825,1.795675751561679,1.8043300000000002
E549.root,6424,0.9672929999999392,0.9672930000000002
E55.root,899,0.16466699999999918,0.164667
E550.root,8827,1.8007424671037064,1.8088500000000005
E551.root,8889,1.8009542517435877,1.8095500000000002
E552.root,6980,1.8059151516394627,1.8133500000000005
E553.root,6930,1.8149396748884714,1.8224200000000004
E554.root,6950,1.824472301570709,1.83153
E555.root,7037,1.8326118447714734,1.84069
E556.root,7025,1.8420421823144777,1.8498900000000003
E557.root,7100,1.8498861852252784,1.8591400000000005
E558.root,7119,1.8599781155016095,1.8684400000000003
E559.root,7056,1.862172872885115,1.87094
E56.root,858,0.16549000000000244,0.16549000000000003
E560.root,6363,0.9721300000000878,0.97213
E561.root,7030,1.8656612818380078,1.8722600000000003
E562.root,6449,1.8680996176487692,1.8777800000000002
E563.root,6500,1.879275901554376,1.88717
E564.root,6431,1.8884977993277083,1.8966000000000005
E565.root,6594,1.897765948407731,1.9060900000000005
E566.root,6480,1.904951749651675,1.9156200000000003
E567.root,6388,1.9148059961015704,1.9251900000000004
E568.root,6435,1.9270504515534084,1.9348200000000002
E569.root,6408,1.9354173703055322,1.94449
E57.root,910,0.1663179999999995,0.166318
E570.root,6423,1.9460906522666699,1.9542200000000003
E571.root,6525,0.9769900000000596,0.97699
E572.root,6343,1.9544290353954479,1.9639900000000006
E573.root,6425,1.9642565476464877,1.9738100000000003
E574.root,6411,1.9770440740464916,1.9836800000000006
E575.root,6393,1.9860552429208045,1.9936000000000003
E576.root,6424,1.993353401847912,2.0035600000000002
E577.root,6379,2.0049679973741443,2.0135800000000006
E578.root,6529,2.0119117407521383,2.0236500000000004
E579.root,6553,2.0235169900018404,2.03377
E58.root,840,0.16714899999999752,0.167149
E580.root,6475,2.03321489398175,2.04394
E581.root,6535,2.043825014211041,2.05416
E582.root,6432,0.9818750000001099,0.981875
E583.root,6535,2.0526863777543576,2.06443
E584.root,6605,2.06549406280371,2.0747500000000003
E585.root,6675,2.073795279242841,2.0851200000000003
E586.root,6723,2.0880727799187744,2.0955500000000007
E587.root,6719,2.096285794274024,2.10603
E588.root,6781,2.1071293503249247,2.11656
E589.root,6782,2.117871525816636,2.1271400000000003
E59.root,868,0.16798499999999966,0.167985
E590.root,6759,2.126314294385669,2.1377700000000006
E591.root,6827,2.137575390265294,2.1484600000000005
E592.root,6967,2.149718242487342,2.1592100000000003
E593.root,6453,0.9867850000000498,0.986785
E594.root,6898,2.1595089797198166,2.1700000000000004
E595.root,6924,2.1720373436424176,2.180850000000001
E596.root,6900,2.1835725247875484,2.1917600000000004
E597.root,6964,2.190509184072683,2.2027100000000006
E598.root,7064,2.2038331143951275,2.2137300000000004
E599.root,7048,2.215664239991243,2.2248
E6.root,2,0.0272061,0.0272061
E60.root,821,0.16882499999999842,0.168825
E600.root,7063,2.225620663079071,2.2359200000000006
E601.root,7126,2.237365014518693,2.2471000000000005
E602.root,7105,2.2468318848152276,2.25834
E603.root,7186,2.2598496224497433,2.2696300000000007
E604.root,6581,0.9917180000001479,0.9917179999999999
E605.root,7228,2.2681827676197113,2.2786500000000003
E606.root,7204,2.267778054964442,2.280980000000001
E607.root,6880,2.2717645474023045,2.2833500000000004
E608.root,6948,2.2785391256516996,2.2923800000000005
E609.root,6896,2.291605302122933,2.3038400000000006
E61.root,827,0.16966899999999913,0.16966900000000001
E610.root,6972,2.305607184296697,2.3153600000000005
E611.root,6957,2.316259242832215,2.3269400000000005
E612.root,6922,2.3273435141015675,2.3385700000000003
E613.root,7060,2.339864760058732,2.3502700000000005
E614.root,7085,2.3499392308674136,2.3620200000000007
E615.root,6047,0.911098999999939,0.9110990000000001
E616.root,6497,0.9966770000000736,0.9966769999999998
E617.root,7110,2.3636188779666885,2.3738300000000003
E618.root,7145,2.373932806809209,2.3857
E619.root,7108,2.38863012931524,2.3976300000000004
E62.root,803,0.17051700000000036,0.17051700000000003
E620.root,7209,2.400090294361462,2.4096100000000003
E621.root,7210,2.408790619834231,2.4216600000000006
E622.root,7312,2.42257803955622,2.433770000000001
E623.root,7309,2.435310223214054,2.4459400000000007
E624.root,7258,2.445214327835396,2.4581700000000004
E625.root,7340,2.4574942270843607,2.47046
E626.root,7312,2.4704345195347517,2.4828100000000006
E627.root,6546,1.0016599999999185,1.0016600000000002
E628.root,7360,2.4812311598520913,2.4952300000000003
E629.root,7414,2.4965654120305745,2.5077000000000007
E63.root,844,0.1713699999999984,0.17137
E630.root,7371,2.508750516030368,2.5202400000000003
E631.root,7522,2.5210141864722275,2.53284
E632.root,7439,2.5327975799438307,2.5455100000000006
E633.root,7502,2.548394304388868,2.5582300000000004
E634.root,7517,2.557637658183617,2.5710200000000007
E635.root,7546,2.560654512714301,2.5716600000000005
E636.root,7418,2.566855752387948,2.5781400000000003
E637.root,7431,2.5715484568703486,2.58388
E638.root,6586,1.0066699999999698,1.0066700000000002
E639.root,7523,2.5823551436941883,2.5968000000000004
E64.root,848,0.17222700000000174,0.172227
E640.root,7522,2.5992516919511046,2.6097800000000007
E641.root,7467,2.6114349943135817,2.6228300000000004
E642.root,7567,2.623179100641146,2.6359500000000007
E643.root,7597,2.6360217900599903,2.6491300000000004
E644.root,7588,2.6493725569169624,2.662370000000001
E645.root,7618,2.664767331219938,2.6756800000000003
E646.root,7623,2.6786558429070912,2.6890600000000004
E647.root,7718,2.691898863064169,2.7025100000000006
E648.root,7670,2.703818005176112,2.7160200000000003
E649.root,6616,1.0115476390532998,1.0116999999999998
E65.root,2097,0.10563999999999592,0.10564
E650.root,7724,2.7193458301879168,2.7296000000000005
E651.root,7769,2.7337981914805347,2.74325
E652.root,7766,2.7439724241886734,2.7569600000000007
E653.root,7764,2.758669609264029,2.7707500000000005
E654.root,7786,2.7760295156556376,2.7846
E655.root,7804,2.788592792130282,2.7985300000000004
E656.root,7907,2.7993172882768422,2.81252
E657.root,7848,2.8026590794457924,2.814050000000001
E658.root,7856,2.809378792406005,2.8251500000000003
E659.root,7781,2.816846306398569,2.8265800000000003
E66.root,783,0.17308800000000368,0.173088
E660.root,6613,1.0167600000001553,1.0167599999999999
E661.root,7804,2.8284855316303896,2.8407100000000005
E662.root,7729,2.8434471300240527,2.8549200000000003
E663.root,7895,2.8560564194601343,2.869190000000001
E664.root,7813,2.8675492888995633,2.8835400000000004
E665.root,7912,2.8879603460260017,2.8979600000000008
E666.root,7920,2.8983323652294093,2.9124500000000006
E667.root,7955,2.9156234878698726,2.9270100000000006
E668.root,8012,2.927497887505375,2.941640000000001
E669.root,8019,2.940256993828316,2.956350000000001
E67.root,830,0.1739529999999996,0.17395300000000002
E670.root,8015,2.9587740181321163,2.97113
E671.root,6757,1.0218400000001193,1.0218399999999999
E672.root,8082,2.9723305635645336,2.9859900000000006
E673.root,8026,2.987356242060126,3.0009200000000007
E674.root,8115,2.9972052725819855,3.015920000000001
E675.root,8068,3.0180541640059504,3.031
E676.root,8076,3.0275215381445046,3.0461600000000004
E677.root,8157,3.0469436216832837,3.0613900000000007
E678.root,8149,3.060444291723808,3.07669
E679.root,8161,3.078617417522891,3.0920800000000006
E68.root,805,0.1748230000000027,0.174823
E680.root,8176,3.0903223193236355,3.107540000000001
E681.root,8180,3.111246491864023,3.123080000000001
E682.root,6625,1.0269500000001364,1.02695
E683.root,8228,3.1251719814004177,3.1386900000000004
E684.root,8271,3.138663266622923,3.1543900000000007
E685.root,8275,3.1504942623722214,3.170160000000001
E686.root,8280,3.172033728211279,3.186010000000001
E687.root,8309,3.186081233121926,3.201940000000001
E688.root,8387,3.204697597397164,3.2179500000000005
E689.root,8353,3.2112812738663292,3.2340400000000002
E69.root,803,0.17569700000000088,0.175697
E690.root,8377,3.2319577125559498,3.2502100000000005
E691.root,8340,3.2519777674792105,3.2664600000000013
E692.root,8455,3.2696163458909484,3.2827900000000008
E693.root,6704,1.0320899999999136,1.03209
E694.root,8420,3.2797262330124983,3.2992000000000004
E695.root,8411,3.300601004116543,3.315700000000001
E696.root,8404,3.311982018530267,3.3322800000000004
E697.root,8437,3.329125146754077,3.3489400000000007
E698.root,8451,3.350446257822074,3.365690000000001
E699.root,8524,3.364153105475194,3.382510000000001
E7.root,2,0.0290833,0.0290833
E70.root,800,0.1765759999999993,0.176576
E700.root,8479,3.3768575786790036,3.3994300000000006
E701.root,8540,3.3961249006299177,3.416420000000001
E702.root,8556,3.4165265369413174,3.4335100000000014
E703.root,8526,3.431174366003682,3.450670000000001
E704.root,6750,1.0371016666667645,1.03725
E705.root,8578,3.450438682920932,3.467930000000001
E706.root,8572,3.4670383022813493,3.4852700000000008
E707.root,6785,1.0419896949153702,1.04244
E708.root,6047,0.9156540000000424,0.9156540000000001
E709.root,6813,1.0473411770539387,1.04765
E71.root,802,0.1774589999999991,0.17745900000000003
E710.root,6876,1.0525873851075669,1.05289
E711.root,6863,1.0578478595295637,1.05815
E712.root,6844,1.0631123958470048,1.0634400000000004
E713.root,6918,1.0684562243423907,1.06876
E714.root,6863,1.0739326730944907,1.0740999999999998
E715.root,6940,1.079142889244685,1.0794700000000002
E716.root,6969,1.084703198037121,1.08487
E717.root,6914,1.089660386340458,1.09029
E718.root,7034,1.0954561649509096,1.0957500000000004
E719.root,6081,0.9202320000000793,0.9202319999999999
E72.root,765,0.17834600000000211,0.178346
E720.root,7089,1.1007321157281058,1.10122
E721.root,7030,1.106140089578624,1.1067300000000002
E722.root,7130,1.1116468009777116,1.1122600000000002
E723.root,7201,1.117086565159389,1.11783
E724.root,7053,1.1226601684987778,1.1234100000000002
E725.root,7122,1.1282568812441254,1.1290300000000002
E726.root,7211,1.1342079471087845,1.1346800000000001
E727.root,7186,1.1386008701894195,1.1403500000000002
E728.root,7284,1.1449898309001363,1.1460500000000002
E729.root,7231,1.1505459151931496,1.1517800000000002
E73.root,818,0.1792379999999986,0.17923799999999998
E730.root,6185,0.9248330000000311,0.9248330000000001
E731.root,7344,1.156277118798495,1.15754
E732.root,7189,1.1615786816729097,1.1633300000000002
E733.root,7314,1.1671365492626544,1.1691500000000004
E734.root,7366,1.1733563466656078,1.17499
E735.root,7377,1.179683730219085,1.1808700000000003
E736.root,7392,1.1856956965207799,1.18677
E737.root,7436,1.191672104978692,1.1927000000000003
E738.root,7428,1.196942293126147,1.1986700000000001
E739.root,7410,1.2033898547085187,1.20466
E74.root,831,0.18013399999999985,0.180134
E740.root,7409,1.209305666607616,1.2106800000000002
E741.root,6187,0.9294579999999215,0.929458
E742.root,7469,1.2143265361529796,1.2167400000000002
E743.root,7485,1.2206785842638601,1.2228200000000002
E744.root,7546,1.2268290879925337,1.2289400000000001
E745.root,7460,1.2327415476313495,1.2350800000000002
E746.root,7525,1.2393930029891205,1.2412600000000003
E747.root,7654,1.2441481647732568,1.2474600000000002
E748.root,7639,1.252200846326085,1.2537
E749.root,7561,1.257773898454192,1.2599700000000003
E75.root,831,0.18103399999999967,0.181034
E750.root,7663,1.2637433981079642,1.2662700000000002
E751.root,7780,1.269925545692857,1.2726
E752.root,6224,0.9341050000000275,0.934105
E753.root,7787,1.2753416489357656,1.27896
E754.root,7717,1.2818860240042338,1.28536
E755.root,7767,1.2877053224992454,1.2917800000000002
E756.root,7741,1.295402575912297,1.2982400000000003
E757.root,7741,1.3011036792824928,1.3047300000000002
E758.root,7780,1.3082321694288153,1.3112600000000003
E759.root,7829,1.3149997945068104,1.3178100000000004
E76.root,2043,0.10616799999999724,0.10616800000000001
E760.root,7809,1.3208032168998305,1.3244
E761.root,7874,1.3288703978258491,1.3310200000000003
E762.root,7906,1.3335952728238019,1.3376800000000002
E763.root,6201,0.938774999999927,0.9387749999999999
E764.root,7958,1.340639607952656,1.3443700000000003
E765.root,7902,1.347715982654524,1.3510900000000003
E766.root,7893,1.3547112444683111,1.3578500000000002
E767.root,7971,1.3607018063507768,1.3646300000000002
E768.root,7979,1.3674534556400675,1.3714600000000006
E769.root,7969,1.3735406627841582,1.3783100000000001
E77.root,799,0.18193999999999808,0.18194000000000002
E770.root,8053,1.3811142488935604,1.3852100000000005
E771.root,8024,1.3872281147520467,1.39213
E772.root,8013,1.395469523330976,1.3990900000000004
E773.root,8088,1.4015365812670724,1.40609
E774.root,6250,0.9434689999998968,0.9434690000000001
E775.root,8070,1.4092256479506602,1.4131200000000002
E776.root,8083,1.4157297376436655,1.4201800000000002
E777.root,8161,1.4227358613275896,1.4272900000000004
E778.root,8103,1.4294250450331838,1.4344200000000003
E779.root,8095,1.436910106907868,1.4415900000000004
E78.root,835,0.1828490000000021,0.182849
E780.root,8232,1.442764444050209,1.4488000000000005
E781.root,8091,1.451940340576975,1.4560500000000003
E782.root,8187,1.4597300580896624,1.4633300000000005
E783.root,8232,1.4665086247563228,1.4706400000000004
E784.root,8239,1.4742018840845446,1.4780000000000004
E785.root,8700,3.4788551039504787,3.5026900000000007
E786.root,8620,3.502217090982785,3.5202100000000014
E787.root,8775,3.661442434582721,3.681820000000001
E788.root,8761,3.679897687202594,3.700230000000001
E789.root,8847,3.7010970572659825,3.718730000000001
E79.root,836,0.18376399999999724,0.18376399999999998
E790.root,8804,3.713498607216863,3.7373200000000004
E791.root,8866,3.731600984688678,3.7560100000000007
E792.root,8831,3.749690522297673,3.7747900000000008
E793.root,8907,3.7693058862331768,3.7936700000000005
E794.root,8880,3.790440027584957,3.812630000000001
E795.root,8876,3.8063722308501102,3.831700000000001
E796.root,8933,3.82441127730786,3.850860000000001
E797.root,8659,3.5196588518020917,3.5378100000000003
E798.root,8900,3.8449561813128477,3.8701100000000013
E799.root,8947,3.86459386636763,3.889460000000001
E8.root,14,0.031090000000000003,0.031090000000000003
E80.root,794,0.18468199999999943,0.18468200000000004
E800.root,8911,3.883543874365191,3.9089100000000006
E801.root,8980,3.906411663020116,3.9284500000000007
E802.root,8965,3.9176866200974194,3.9480900000000014
E803.root,9040,3.941692852348212,3.967830000000001
E804.root,8957,3.95732247547338,3.9876700000000014
E805.root,9014,4.028921099187598,4.05502
E806.root,9148,4.302215104996428,4.3348200000000014
E807.root,9285,4.5926457573926225,4.633920000000002
E808.root,8635,3.5291820290959817,3.555500000000001
E809.root,9446,4.921193751339708,4.953660000000002
E81.root,749,0.18560600000000377,0.185606
E810.root,9520,5.256811732796442,5.295470000000001
E811.root,9596,5.625728206491454,5.660860000000002
E812.root,8703,3.552788151256903,3.5732700000000017
E813.root,8763,3.570160737040636,3.5911400000000007
E814.root,8739,3.593064276650172,3.6091000000000006
E815.root,8743,3.6097170742515785,3.6271400000000007
E816.root,8747,3.628128955212448,3.6452800000000005
E817.root,8780,3.6435283888742145,3.663500000000001
E818.root,9670,6.005617006704688,6.051450000000002
E819.root,9688,6.431832169244848,6.469000000000001
E82.root,791,0.18653399999999756,0.186534
E820.root,9897,10.144471159066129,10.196600000000004
E821.root,9748,10.212575740540682,10.257800000000003
E822.root,9771,10.279014177950732,10.320000000000002
E823.root,9750,10.366062055914771,10.410900000000003
E824.root,9789,10.981173090329888,11.032100000000003
E825.root,9809,11.275461665718748,11.313100000000004
E826.root,9805,11.450562268582393,11.486300000000002
E827.root,9835,11.49362499148691,11.532500000000004
E828.root,9737,11.547708775128504,11.601700000000001
E829.root,9761,11.727255729631224,11.774900000000002
E83.root,765,0.18746699999999863,0.18746700000000002
E830.root,9745,6.873620979891106,6.915370000000002
E831.root,9771,11.750836998666202,11.793300000000002
E832.root,9761,11.813716560556655,11.857800000000003
E833.root,9782,11.995113829497479,12.039300000000003
E834.root,9762,12.04187458595875,12.087700000000002
E835.root,9742,12.118626161321979,12.160300000000001
E836.root,9750,12.297143673754565,12.341800000000003
E837.root,9772,12.54822504672928,12.607100000000003
E838.root,9808,13.425232651747,13.477000000000002
E839.root,9844,14.34559997978807,14.406900000000004
E84.root,749,0.1884040000000012,0.18840400000000004
E840.root,9855,15.34482127624986,15.401000000000003
E841.root,9792,7.3452508949888236,7.392530000000002
E842.root,9868,16.404216663710343,16.463600000000003
E843.root,9915,17.509430271516408,17.599600000000002
E844.root,9937,18.730397226419072,18.814000000000007
E845.root,9819,7.861376908437149,7.902610000000005
E846.root,9846,8.407235942996778,8.447890000000003
E847.root,9884,8.992222967797943,9.03079
E848.root,9879,9.610510408381375,9.653920000000001
E849.root,9891,9.955413543394778,10.002700000000003
E85.root,765,0.18934600000000043,0.18934600000000001
E850.root,9886,10.109030602742907,10.155800000000001
E851.root,9923,20.0439673837144,20.112200000000005
E852.root,9929,21.424207488378947,21.499900000000007
E853.root,9950,22.91061464870092,22.983400000000007
E854.root,9944,24.489845869263934,24.569200000000006
E855.root,9955,26.192552785460595,26.26450000000001
E856.root,9955,27.981967859964946,28.07680000000001
E857.root,9977,50.964694654567054,51.18540000000001
E858.root,9976,54.44140114454856,54.71720000000002
E859.root,9974,58.26580239855131,58.49270000000002
E86.root,755,0.1902929999999977,0.19029300000000002
E860.root,9968,62.24933748836877,62.528700000000036
E861.root,9973,66.4713345580958,66.84320000000002
E862.root,9971,67.8216994614881,68.13450000000002
E863.root,9972,68.83057780332818,69.1774
E864.root,9977,68.99454537618666,69.45550000000001
E865.root,9979,69.5315947878206,69.8726
E866.root,9984,70.60177356251269,70.91550000000002
E867.root,9958,29.92346337844029,30.01410000000001
E868.root,9986,71.13327660624175,71.45540000000001
E869.root,9981,76.01897143596432,76.3858
E87.root,2052,0.10669899999999821,0.106699
E870.root,9992,81.19938294332206,81.65640000000002
E871.root,9985,86.78840580452683,87.29070000000003
E872.root,9994,92.97485730622992,93.31370000000003
E873.root,9995,99.36300265995244,99.75240000000005
E874.root,9954,31.972043321347837,32.08500000000001
E875.root,9975,34.19126644710881,34.2989
E876.root,9965,36.557848287845786,36.665500000000016
E877.root,9972,39.090103135741934,39.195400000000014
E878.root,9976,41.75995474261355,41.89990000000001
E879.root,9963,44.64660121012194,44.79100000000001
E88.root,799,0.1912440000000004,0.19124400000000003
E880.root,9969,47.691480803084985,47.881600000000006
E881.root,9989,106.19735831915871,106.63500000000002
E882.root,9990,113.46607421951882,113.99300000000004
E883.root,9992,121.40333626206261,121.85900000000002
E884.root,9991,129.64893085903256,130.26700000000002
E885.root,9997,138.72018212497989,139.25500000000005
E886.root,9996,148.34000616832992,148.86400000000003
E887.root,9995,158.6207297550656,159.13600000000005
E888.root,9995,169.39413895845297,170.116
E889.root,9992,180.9128132747934,181.85400000000004
E89.root,803,0.19220000000000217,0.1922
E890.root,9994,193.37581194362033,194.40200000000007
E891.root,16,206.3508996031589,207.816
E892.root,26,219.49441007845522,222.155
E893.root,75,233.85147381083743,237.483
E894.root,167,247.58228024677774,253.87000000000003
E895.root,333,266.1806960159307,271.38700000000006
E896.root,521,285.1713354757648,290.11300000000006
E897.root,10,289.98852125973656,310.12999999999994
E898.root,17,321.52024185320107,331.529
E899.root,59,347.23828934535163,354.4050000000001
E9.root,19,0.032928,0.032928
E90.root,748,0.19316100000000266,0.193161
E900.root,101,361.09549766082546,378.85900000000004
E901.root,166,394.288963699549,405.0
E902.root,282,414.3175022179451,432.945
E91.root,746,0.1941269999999992,0.194127
E92.root,796,0.19509800000000138,0.195098
E93.root,841,0.19607300000000175,0.196073
E94.root,758,0.1970539999999992,0.197054
E95.root,810,0.19803899999999697,0.198039
E96.root,762,0.1990289999999982,0.19902900000000004
E97.root,768,0.20002400000000153,0.20002399999999998
E98.root,2023,0.10723200000000363,0.10723200000000002
E99.root,817,0.20102399999999862,0.201024
