Energy,Real_LAC,Calc_LAC,Error
0.0061305,910790.0,82500000.0,81589210.0
0.006222,892370.0,88600000.0,87707630.0
0.01069,1160900.0,95000000.0,93839100.0
0.01142761,1281500.0,106000000.0,104718500.0
0.01221612,1399000.0,115000000.0,113601000.0
0.0139601,1587200.0,115000000.0,113412800.0
0.0238073,1088900.0,115000000.0,113911100.0
0.02720606,801970.0,106000000.0,105198030.0
0.02908327,671160.0,106000000.0,105328840.0
0.03109002,554080.0,82100000.0,81545920.0
0.032928,465520.0,78300000.0,77834480.0
0.03323523,452280.0,74900000.0,74447720.0
0.033432,444020.0,80500000.0,80055980.0
0.0335664,438480.0,73000000.0,72561520.0
0.033768,489330.0,69700000.0,69210670.0
0.034272,466520.0,69000000.0,68533480.0
0.034888,440290.0,66200000.0,65759710.0
0.035422,418950.0,65300000.0,64881050.0
0.03552846,414830.0,66200000.0,65785170.0
0.0355644,413440.0,62000000.0,61586560.0
0.03577,1038100.0,61800000.0,60761900.0
0.035778,1037400.0,61300000.0,60262600.0
0.0363175,992270.0,64200000.0,63207730.0
0.0364635,980480.0,60700000.0,59719520.0
0.0366825,1000100.0,59900000.0,58899900.0
0.03723,956760.0,61000000.0,60043240.0
0.03797993,901460.0,55800000.0,54898540.0
0.04060054,738050.0,50400000.0,49661950.0
0.04340198,598280.0,76500000.0,75901720.0
0.045864,501240.0,67500000.0,66998760.0
0.04639671,483040.0,64600000.0,64116960.0
0.046566,477440.0,65700000.0,65222560.0
0.0467532,471380.0,66000000.0,65528620.0
0.047034,698600.0,68400000.0,67701400.0
0.047736,671410.0,63700000.0,63028590.0
0.04959809,607060.0,57900000.0,57292940.0
0.05302035,512590.0,59400000.0,58887410.0
0.05667876,431840.0,61800000.0,61368160.0
0.06058959,365390.0,45800000.0,45434610.0
0.06477028,314320.0,39300000.0,38985680.0
0.06923942,278230.0,31800000.0,31521770.0
0.07401695,255820.0,27900000.0,27644180.0
0.075558,251380.0,26800000.0,26548620.0
0.0767145,248820.0,26100000.0,25851180.0
0.0770229,248240.0,25600000.0,25351760.0
0.0774855,250940.0,25600000.0,25349060.0
0.078642,249360.0,25600000.0,25350640.0
0.07912411,248850.0,25300000.0,25051150.0
0.08458368,248530.0,24200000.0,23951470.0
0.09041995,256460.0,23600000.0,23343540.0
0.09665893,270990.0,24300000.0,24029010.0
0.1,280410.0,5260000.0,4979590.0
0.1005,281880.0,5340000.0,5058120.0
0.1010025,283380.0,5360000.0,5076620.0
0.10150751,284910.0,5440000.0,5155090.0
0.10201505,286450.0,5420000.0,5133550.0
0.10252513,288010.0,5350000.0,5061990.0
0.10303775,289580.0,5440000.0,5150420.0
0.10355294,291180.0,5410000.0,5118820.0
0.1040707,292800.0,5580000.0,5287200.0
0.10459106,294440.0,5600000.0,5305560.0
0.10511401,296100.0,5670000.0,5373900.0
0.10563958,297760.0,5580000.0,5282240.0
0.10616778,299460.0,5670000.0,5370540.0
0.10669862,301160.0,5660000.0,5358840.0
0.10723211,302870.0,5710000.0,5407130.0
0.10776827,304590.0,5800000.0,5495410.0
0.10830712,306350.0,5680000.0,5373650.0
0.10884865,308110.0,5800000.0,5491890.0
0.10939289,309860.0,5910000.0,5600140.0
0.10993986,311640.0,6080000.0,5768360.0
0.11048956,313430.0,5990000.0,5676570.0
0.11104201,315230.0,5930000.0,5614770.0
0.11159722,317040.0,5980000.0,5662960.0
0.1121552,318860.0,6090000.0,5771140.0
0.11271598,320690.0,6090000.0,5769310.0
0.11327956,322520.0,6030000.0,5707480.0
0.11384596,324360.0,6190000.0,5865640.0
0.11441519,326210.0,6290000.0,5963790.0
0.11498726,328080.0,6240000.0,5911920.0
0.1155622,329950.0,6210000.0,5880050.0
0.11614001,331840.0,6340000.0,6008160.0
0.11672071,333740.0,6270000.0,5936260.0
0.11730431,335630.0,6490000.0,6154370.0
0.11789083,337520.0,6400000.0,6062480.0
0.11848029,339410.0,6460000.0,6120590.0
0.11907269,341300.0,6520000.0,6178700.0
0.11966805,343190.0,6520000.0,6176810.0
0.12026639,345080.0,6490000.0,6144920.0
0.12086772,346980.0,6740000.0,6393020.0
0.12147206,348870.0,6730000.0,6381130.0
0.12207942,350760.0,6760000.0,6409240.0
0.12268982,352650.0,6870000.0,6517350.0
0.12330327,354520.0,6920000.0,6565480.0
0.12391979,356410.0,6810000.0,6453590.0
0.12453939,358290.0,7060000.0,6701710.0
0.12516208,360160.0,7020000.0,6659840.0
0.12578789,362010.0,6960000.0,6597990.0
0.12641683,363860.0,6960000.0,6596140.0
0.12704892,365720.0,7010000.0,6644280.0
0.12768416,367550.0,7150000.0,6782450.0
0.12832258,369380.0,7070000.0,6700620.0
0.12896419,371220.0,7200000.0,6828780.0
0.12960902,373030.0,7220000.0,6846970.0
0.13025706,374830.0,7270000.0,6895170.0
0.13090835,376620.0,7200000.0,6823380.0
0.13156289,378420.0,7310000.0,6931580.0
0.1322207,380170.0,7420000.0,7039830.0
0.13288181,381950.0,7580000.0,7198050.0
0.13354621,383680.0,7570000.0,7186320.0
0.13421395,385420.0,7450000.0,7064580.0
0.13488502,387140.0,7500000.0,7112860.0
0.13555944,388840.0,7610000.0,7221160.0
0.13623724,390520.0,7690000.0,7299480.0
0.13691842,392180.0,7760000.0,7367820.0
0.13760302,393800.0,7740000.0,7346200.0
0.13829103,395420.0,7610000.0,7214580.0
0.13898249,397000.0,7800000.0,7403000.0
0.1396774,398560.0,7850000.0,7451440.0
0.14037579,400110.0,7860000.0,7459890.0
0.14107766,401630.0,7890000.0,7488370.0
0.14178305,403120.0,7790000.0,7386880.0
0.14249197,404610.0,8130000.0,7725390.0
0.14320443,406030.0,7910000.0,7503970.0
0.14392045,407460.0,7990000.0,7582540.0
0.14464005,408850.0,8010000.0,7601150.0
0.14536325,410220.0,8010000.0,7599780.0
0.14609007,411570.0,8110000.0,7698430.0
0.14682052,412870.0,8050000.0,7637130.0
0.14755462,414160.0,8010000.0,7595840.0
0.14829239,415390.0,8280000.0,7864610.0
0.14903386,416610.0,8120000.0,7703390.0
0.14977903,417810.0,8410000.0,7992190.0
0.15052792,418950.0,8320000.0,7901050.0
0.15128056,420060.0,8310000.0,7889940.0
0.15203696,421150.0,8310000.0,7888850.0
0.15279715,422210.0,8220000.0,7797790.0
0.15356113,423230.0,8200000.0,7776770.0
0.15432894,424210.0,8620000.0,8195790.0
0.15510058,425160.0,8330000.0,7904840.0
0.15587609,426070.0,8460000.0,8033930.0
0.15665547,426950.0,8540000.0,8113050.0
0.15743875,427800.0,8490000.0,8062200.0
0.15822594,428610.0,8500000.0,8071390.0
0.15901707,429410.0,8680000.0,8250590.0
0.15981215,430140.0,8590000.0,8159860.0
0.16061121,430850.0,8650000.0,8219150.0
0.16141427,431530.0,8580000.0,8148470.0
0.16222134,432180.0,8600000.0,8167820.0
0.16303245,432780.0,8500000.0,8067220.0
0.16384761,433360.0,8800000.0,8366640.0
0.16466685,433900.0,8600000.0,8166100.0
0.16549018,434400.0,8770000.0,8335600.0
0.16631763,434890.0,8560000.0,8125110.0
0.16714922,435310.0,8850000.0,8414690.0
0.16798497,435720.0,8730000.0,8294280.0
0.16882489,436080.0,8930000.0,8493920.0
0.16966902,436430.0,8900000.0,8463570.0
0.17051736,436720.0,9010000.0,8573280.0
0.17136995,436990.0,8830000.0,8393010.0
0.1722268,437220.0,8810000.0,8372780.0
0.17308793,437430.0,9100000.0,8662570.0
0.17395337,437590.0,8890000.0,8452410.0
0.17482314,437720.0,9000000.0,8562280.0
0.17569726,437820.0,9010000.0,8572180.0
0.17657574,437900.0,9020000.0,8582100.0
0.17745862,437940.0,9010000.0,8572060.0
0.17834591,437940.0,9180000.0,8742060.0
0.17923764,437900.0,8940000.0,8502100.0
0.18013383,437840.0,8880000.0,8442160.0
0.1810345,437740.0,8880000.0,8442260.0
0.18193967,437630.0,9020000.0,8582370.0
0.18284937,437470.0,8870000.0,8432530.0
0.18376362,437280.0,8860000.0,8422720.0
0.18468244,437070.0,9050000.0,8612930.0
0.18560585,436820.0,9260000.0,8823180.0
0.18653388,436530.0,9060000.0,8623470.0
0.18746655,436220.0,9180000.0,8743780.0
0.18840388,435870.0,9260000.0,8824130.0
0.1893459,435500.0,9180000.0,8744500.0
0.19029263,435120.0,9230000.0,8794880.0
0.19124409,434690.0,9020000.0,8585310.0
0.19220031,434230.0,9010000.0,8575770.0
0.19316131,433750.0,9260000.0,8826250.0
0.19412712,433230.0,9270000.0,8836770.0
0.19509776,432690.0,9040000.0,8607310.0
0.19607325,432130.0,8840000.0,8407870.0
0.19705361,431530.0,9210000.0,8778470.0
0.19803888,430910.0,8980000.0,8549090.0
0.19902907,430250.0,9190000.0,8759750.0
0.20002422,429580.0,9170000.0,8740420.0
0.20102434,428880.0,8950000.0,8521120.0
0.20202946,428170.0,9120000.0,8691830.0
0.20303961,427420.0,9390000.0,8962580.0
0.20405481,426650.0,9020000.0,8593350.0
0.20507508,425840.0,9390000.0,8964160.0
0.20610046,425020.0,9110000.0,8684980.0
0.20713096,424180.0,9200000.0,8775820.0
0.20816661,423310.0,8920000.0,8496690.0
0.20920745,422420.0,8820000.0,8397580.0
0.21025348,421490.0,9120000.0,8698510.0
0.21130475,420570.0,9080000.0,8659430.0
0.21236128,419600.0,9190000.0,8770400.0
0.21342308,418620.0,9270000.0,8851380.0
0.2144902,417610.0,9200000.0,8782390.0
0.21556265,416610.0,8700000.0,8283390.0
0.21664046,415570.0,8750000.0,8334430.0
0.21772366,414510.0,8880000.0,8465490.0
0.21881228,413430.0,8780000.0,8366570.0
0.21990634,412330.0,8970000.0,8557670.0
0.22100588,411210.0,8860000.0,8448790.0
0.2221109,410070.0,9070000.0,8659930.0
0.22322146,408910.0,8890000.0,8481090.0
0.22433757,407730.0,8910000.0,8502270.0
0.22545925,406550.0,8910000.0,8503450.0
0.22658655,405340.0,8790000.0,8384660.0
0.22771948,404120.0,9000000.0,8595880.0
0.22885808,402890.0,8730000.0,8327110.0
0.23000237,401630.0,8850000.0,8448370.0
0.23115238,400360.0,8770000.0,8369640.0
0.23230814,399070.0,8950000.0,8550930.0
0.23346969,397770.0,8820000.0,8422230.0
0.23463703,396460.0,8950000.0,8553540.0
0.23581022,395130.0,8750000.0,8354870.0
0.23698927,393800.0,8590000.0,8196200.0
0.23817422,392450.0,8770000.0,8377550.0
0.23936509,391080.0,8670000.0,8278920.0
0.24056191,389690.0,8660000.0,8270310.0
0.24176472,388300.0,8740000.0,8351700.0
0.24297355,386890.0,8540000.0,8153110.0
0.24418841,385480.0,8540000.0,8154520.0
0.24521055,384280.0,8480000.0,8095720.0
0.24540936,403000.0,8540000.0,8137000.0
0.24558945,402770.0,8430000.0,8027230.0
0.2466364,401320.0,8500000.0,8098680.0
0.24786959,399550.0,8480000.0,8080450.0
0.24910893,397770.0,8850000.0,8452230.0
0.25035448,396000.0,9130000.0,8734000.0
0.25160625,394180.0,8790000.0,8395820.0
0.25286428,392370.0,8920000.0,8527630.0
0.2541286,390550.0,8620000.0,8229450.0
0.25539925,388720.0,8830000.0,8441280.0
0.25667624,386870.0,8610000.0,8223130.0
0.25795962,385020.0,8530000.0,8144980.0
0.25859581,384090.0,8580000.0,8195910.0
0.25900419,397140.0,8710000.0,8312860.0
0.25924942,396750.0,8430000.0,8033250.0
0.26054567,394740.0,8530000.0,8135260.0
0.2618484,392720.0,8950000.0,8557280.0
0.26315764,390690.0,8720000.0,8329310.0
0.26447343,388640.0,8880000.0,8491360.0
0.26579579,386600.0,8880000.0,8493400.0
0.26712477,384550.0,8660000.0,8275450.0
0.2684604,382510.0,8620000.0,8237490.0
0.2698027,380440.0,8590000.0,8209560.0
0.27115171,378380.0,8440000.0,8061620.0
0.27250747,376310.0,8420000.0,8043690.0
0.27387001,374250.0,8490000.0,8115750.0
0.27523936,372180.0,8570000.0,8197820.0
0.27661556,370140.0,8480000.0,8109860.0
0.27799863,368070.0,8380000.0,8011930.0
0.27938863,366020.0,8470000.0,8103980.0
0.28078557,363960.0,8440000.0,8076040.0
0.2821895,361910.0,8400000.0,8038090.0
0.28360044,359870.0,8210000.0,7850130.0
0.28501845,357800.0,8290000.0,7932200.0
0.28644354,355780.0,8390000.0,8034220.0
0.28787576,353730.0,8070000.0,7716270.0
0.28931514,351700.0,8070000.0,7718300.0
0.29076171,349680.0,7970000.0,7620320.0
0.29221552,347670.0,7830000.0,7482330.0
0.2936766,345660.0,7900000.0,7554340.0
0.29514498,343660.0,8030000.0,7686340.0
0.29662071,341670.0,7970000.0,7628330.0
0.29810381,339680.0,7890000.0,7550320.0
0.29959433,337690.0,7770000.0,7432310.0
0.3010923,335720.0,7640000.0,7304280.0
0.30259776,333750.0,7790000.0,7456250.0
0.30411075,331810.0,7700000.0,7368190.0
0.3056313,329860.0,7470000.0,7140140.0
0.30715946,327910.0,7670000.0,7342090.0
0.30869526,325960.0,7660000.0,7334040.0
0.31023873,324030.0,7470000.0,7145970.0
0.31178993,322100.0,7480000.0,7157900.0
0.31334888,320190.0,7400000.0,7079810.0
0.31491562,318280.0,7350000.0,7031720.0
0.3164902,316370.0,7630000.0,7313630.0
0.31807265,314470.0,7300000.0,6985530.0
0.31966301,312580.0,7260000.0,6947420.0
0.32126133,310690.0,7330000.0,7019310.0
0.32286764,308820.0,7160000.0,6851180.0
0.32448197,306950.0,7230000.0,6923050.0
0.32610438,305080.0,7240000.0,6934920.0
0.32773491,303220.0,7090000.0,6786780.0
0.32937358,301370.0,6900000.0,6598630.0
0.33102045,299540.0,7010000.0,6710460.0
0.33267555,297700.0,6930000.0,6632300.0
0.33433893,295870.0,6960000.0,6664130.0
0.33601062,294050.0,6780000.0,6485950.0
0.33769068,292240.0,6770000.0,6477760.0
0.33937913,290450.0,6880000.0,6589550.0
0.34107602,288650.0,6830000.0,6541350.0
0.3427814,286880.0,6640000.0,6353120.0
0.34449531,285080.0,6700000.0,6414920.0
0.34621779,283320.0,6750000.0,6466680.0
0.34794888,281550.0,6670000.0,6388450.0
0.34968862,279790.0,6570000.0,6290210.0
0.35143706,278060.0,6490000.0,6211940.0
0.35319425,276320.0,6550000.0,6273680.0
0.35496022,274580.0,6470000.0,6195420.0
0.35673502,272860.0,6370000.0,6097140.0
0.3585187,271150.0,6350000.0,6078850.0
0.36031129,269450.0,6480000.0,6210550.0
0.36211285,267750.0,6450000.0,6182250.0
0.36392341,266070.0,6370000.0,6103930.0
0.36574303,264390.0,6390000.0,6125610.0
0.36757174,262710.0,6290000.0,6027290.0
0.3694096,261050.0,6370000.0,6108950.0
0.37125665,259390.0,6300000.0,6040610.0
0.37311293,257750.0,6250000.0,5992250.0
0.3749785,256110.0,6160000.0,5903890.0
0.37685339,254490.0,6260000.0,6005510.0
0.37873766,252870.0,6250000.0,5997130.0
0.38063135,251270.0,6200000.0,5948730.0
0.3825345,249660.0,6090000.0,5840340.0
0.38444718,248060.0,6010000.0,5761940.0
0.38636941,246480.0,6010000.0,5763520.0
0.38830126,244920.0,6030000.0,5785080.0
0.39024276,243350.0,5930000.0,5686650.0
0.39219398,241790.0,5820000.0,5578210.0
0.39415495,240250.0,5880000.0,5639750.0
0.39612572,238700.0,5740000.0,5501300.0
0.39810635,237180.0,5860000.0,5622820.0
0.40009688,235650.0,5810000.0,5574350.0
0.40209737,234150.0,5820000.0,5585850.0
0.40410785,232640.0,5740000.0,5507360.0
0.40612839,231160.0,5630000.0,5398840.0
0.40815904,229670.0,5530000.0,5300330.0
0.41019983,228180.0,5440000.0,5211820.0
0.41225083,226720.0,5700000.0,5473280.0
0.41431208,225250.0,5490000.0,5264750.0
0.41638364,223800.0,5430000.0,5206200.0
0.41846556,222370.0,5440000.0,5217630.0
0.42055789,220930.0,5420000.0,5199070.0
0.42266068,219520.0,5380000.0,5160480.0
0.42477398,218090.0,5360000.0,5141910.0
0.42477688,218090.0,5220000.0,5001910.0
0.42582312,232310.0,5370000.0,5137690.0
0.42689785,231580.0,5290000.0,5058420.0
0.42903234,230150.0,5590000.0,5359850.0
0.4311775,228720.0,5450000.0,5221280.0
0.43333339,227300.0,5570000.0,5342700.0
0.43550006,225890.0,5430000.0,5204110.0
0.43767756,224500.0,5400000.0,5175500.0
0.43986595,223110.0,5440000.0,5216890.0
0.44206528,221720.0,5420000.0,5198280.0
0.4442756,220350.0,5330000.0,5109650.0
0.44649698,218980.0,5390000.0,5171020.0
0.44872947,217610.0,5440000.0,5222390.0
0.45097311,216260.0,5400000.0,5183740.0
0.45322798,214920.0,5250000.0,5035080.0
0.45549412,213590.0,5170000.0,4956410.0
0.45777159,212260.0,5120000.0,4907740.0
0.46006045,210950.0,5180000.0,4969050.0
0.46236075,209640.0,5070000.0,4860360.0
0.46467255,208320.0,5070000.0,4861680.0
0.46699592,207030.0,4990000.0,4782970.0
0.4693309,205740.0,5060000.0,4854260.0
0.47167755,204460.0,5050000.0,4845540.0
0.47403594,203190.0,5110000.0,4906810.0
0.47640612,201940.0,4890000.0,4688060.0
0.47878815,200660.0,4890000.0,4689340.0
0.48118209,199430.0,4960000.0,4760570.0
0.483588,198170.0,4750000.0,4551830.0
0.48600594,196940.0,4690000.0,4493060.0
0.48843597,195720.0,4780000.0,4584280.0
0.49087815,194490.0,4710000.0,4515510.0
0.4909216,194470.0,4760000.0,4565530.0
0.49227841,196980.0,4810000.0,4613020.0
0.49333254,196450.0,4640000.0,4443550.0
0.4957992,195240.0,4660000.0,4464760.0
0.4982782,194040.0,4740000.0,4545960.0
0.50076959,192850.0,4750000.0,4557150.0
0.50327344,191660.0,4650000.0,4458340.0
0.5057898,190480.0,4690000.0,4499520.0
0.50831875,189300.0,4610000.0,4420700.0
0.51086035,188130.0,4560000.0,4371870.0
0.51341465,186970.0,4590000.0,4403030.0
0.51598172,185820.0,4500000.0,4314180.0
0.51856163,184670.0,4460000.0,4275330.0
0.52115444,183520.0,4400000.0,4216480.0
0.52376021,182390.0,4430000.0,4247610.0
0.52637901,181260.0,4440000.0,4258740.0
0.52901091,180130.0,4360000.0,4179870.0
0.53165596,179010.0,4310000.0,4130990.0
0.53431424,177900.0,4280000.0,4102100.0
0.53698581,176790.0,4200000.0,4023210.0
0.53967074,175690.0,4180000.0,4004310.0
0.5423691,174600.0,4120000.0,3945400.0
0.54508094,173510.0,4100000.0,3926490.0
0.54780635,172420.0,4180000.0,4007580.0
0.55054538,171340.0,4050000.0,3878660.0
0.5532981,170270.0,3980000.0,3809730.0
0.5560646,169200.0,4040000.0,3870800.0
0.55884492,168140.0,4030000.0,3861860.0
0.56163914,167080.0,3940000.0,3772920.0
0.56444734,166030.0,3940000.0,3773970.0
0.56726958,164990.0,3860000.0,3695010.0
0.57010592,163950.0,3880000.0,3716050.0
0.57295645,162910.0,3910000.0,3747090.0
0.57582123,161880.0,3860000.0,3698120.0
0.57870034,160850.0,3760000.0,3599150.0
0.58159384,159830.0,3900000.0,3740170.0
0.58450181,158820.0,3850000.0,3691180.0
0.58742432,157810.0,3690000.0,3532190.0
0.59036144,156800.0,3640000.0,3483200.0
0.59331325,155800.0,3510000.0,3354200.0
0.59410753,155530.0,3620000.0,3464470.0
0.59589253,158890.0,3650000.0,3491110.0
0.59627982,158750.0,3660000.0,3501250.0
0.59926122,157750.0,3700000.0,3542250.0
0.60225752,156750.0,3670000.0,3513250.0
0.60526881,155750.0,3610000.0,3454250.0
0.60829515,154760.0,3620000.0,3465240.0
0.61133663,153780.0,3520000.0,3366220.0
0.61439331,152800.0,3550000.0,3397200.0
0.61746528,151820.0,3470000.0,3318180.0
0.6205526,150850.0,3560000.0,3409150.0
0.62365537,149880.0,3440000.0,3290120.0
0.62677364,148920.0,3360000.0,3211080.0
0.62990751,147960.0,3440000.0,3292040.0
0.63305705,146930.0,3440000.0,3293070.0
0.63622234,145860.0,3360000.0,3214140.0
0.63940345,144790.0,3280000.0,3135210.0
0.64260046,143740.0,3340000.0,3196260.0
0.64581347,142680.0,3260000.0,3117320.0
0.64904253,141640.0,3320000.0,3178360.0
0.65228775,140600.0,3250000.0,3109400.0
0.65554919,139570.0,3260000.0,3120430.0
0.65882693,138540.0,3230000.0,3091460.0
0.66212107,137520.0,3160000.0,3022480.0
0.66543167,136500.0,3110000.0,2973500.0
0.66875883,135490.0,3090000.0,2954510.0
0.67210262,134490.0,3050000.0,2915510.0
0.67546314,133490.0,3100000.0,2966510.0
0.67884045,132490.0,2960000.0,2827510.0
0.68223466,131510.0,3010000.0,2878490.0
0.68564583,130520.0,2960000.0,2829480.0
0.68907406,129470.0,2910000.0,2780530.0
0.69251943,128420.0,2920000.0,2791580.0
0.69598202,127390.0,2970000.0,2842610.0
0.69946194,126360.0,2840000.0,2713640.0
0.70295924,125330.0,2900000.0,2774670.0
0.70647404,124320.0,2860000.0,2735680.0
0.71000641,123310.0,2800000.0,2676690.0
0.71355644,122300.0,2800000.0,2677700.0
0.71712423,121300.0,2740000.0,2618700.0
0.72070985,120310.0,2720000.0,2599690.0
0.7243134,119320.0,2760000.0,2640680.0
0.72793496,118330.0,2680000.0,2561670.0
0.73157464,117350.0,2670000.0,2552650.0
0.73523251,116380.0,2650000.0,2533620.0
0.73890867,115420.0,2660000.0,2544580.0
0.74260322,114450.0,2570000.0,2455550.0
0.74631623,113500.0,2630000.0,2516500.0
0.75004781,112560.0,2550000.0,2437440.0
0.75379805,111620.0,2480000.0,2368380.0
0.75756704,110680.0,2570000.0,2459320.0
0.76135488,109760.0,2530000.0,2420240.0
0.76516165,108830.0,2420000.0,2311170.0
0.76898746,107920.0,2440000.0,2332080.0
0.7728324,107010.0,2440000.0,2332990.0
0.77669656,106110.0,2440000.0,2333890.0
0.78058004,105210.0,2400000.0,2294790.0
0.78448294,104320.0,2310000.0,2205680.0
0.78840536,103440.0,2370000.0,2266560.0
0.79234738,102560.0,2330000.0,2227440.0
0.79630912,101690.0,2300000.0,2198310.0
0.80029067,100820.0,2290000.0,2189180.0
0.80429212,99964.0,2290000.0,2190036.0
0.80831358,99111.0,2240000.0,2140889.0
0.81235515,98264.0,2230000.0,2131736.0
0.81641693,97424.0,2160000.0,2062576.0
0.82049901,96589.0,2170000.0,2073411.0
0.8246015,95761.0,2150000.0,2054239.0
0.82872451,94937.0,2200000.0,2105063.0
0.83286813,94120.0,2130000.0,2035880.0
0.83703248,93306.0,2120000.0,2026694.0
0.84121764,92499.0,2100000.0,2007501.0
0.84542373,91698.0,2100000.0,2008302.0
0.84965084,90903.0,2060000.0,1969097.0
0.8538991,90114.0,2110000.0,2019886.0
0.85816859,89330.0,2060000.0,1970670.0
0.86245944,88550.0,1990000.0,1901450.0
0.86677173,87778.0,1950000.0,1862222.0
0.87110559,87012.0,2020000.0,1932988.0
0.87546112,86252.0,1950000.0,1863748.0
0.87983843,85497.0,1890000.0,1804503.0
0.88423762,84748.0,1930000.0,1845252.0
0.88865881,84003.0,1870000.0,1785997.0
0.8931021,83266.0,1860000.0,1776734.0
0.89756761,82533.0,1870000.0,1787467.0
0.90205545,81807.0,712000.0,630193.0
0.90656573,81085.0,717000.0,635915.0
0.91109856,80369.0,719000.0,638631.0
0.91565405,79661.0,719000.0,639339.0
0.92023232,78956.0,711000.0,632044.0
0.92483348,78256.0,686000.0,607744.0
0.92945765,77563.0,686000.0,608437.0
0.93410494,76874.0,677000.0,600126.0
0.93877546,76193.0,683000.0,606807.0
0.94346934,75515.0,671000.0,595485.0
0.94818668,74843.0,671000.0,596157.0
0.95292762,74176.0,658000.0,583824.0
0.95769226,73516.0,651000.0,577484.0
0.96248072,72859.0,639000.0,566141.0
0.96729312,72209.0,632000.0,559791.0
0.97212959,71562.0,646000.0,574438.0
0.97699023,70924.0,610000.0,539076.0
0.98187519,70289.0,630000.0,559711.0
0.98678456,69659.0,626000.0,556341.0
0.99171848,69034.0,598000.0,528966.0
0.99667708,68415.0,616000.0,547585.0
1.0016605,67753.0,605000.0,537247.0
1.0066688,67000.0,597000.0,530000.0
1.0117021,66253.0,590000.0,523747.0
1.0167606,65518.0,591000.0,525482.0
1.0218444,64790.0,560000.0,495210.0
1.0269536,64072.0,588000.0,523928.0
1.0320884,63362.0,571000.0,507638.0
1.0372489,62648.0,561000.0,498352.0
1.0424351,61926.0,553000.0,491074.0
1.0476473,61212.0,548000.0,486788.0
1.0528855,60507.0,535000.0,474493.0
1.0581499,59811.0,537000.0,477189.0
1.0634407,59126.0,541000.0,481874.0
1.0687579,58446.0,526000.0,467554.0
1.0741017,57778.0,538000.0,480222.0
1.0794722,57116.0,521000.0,463884.0
1.0848695,56464.0,516000.0,459536.0
1.0902939,55821.0,526000.0,470179.0
1.0957454,55184.0,502000.0,446816.0
1.1012241,54557.0,491000.0,436443.0
1.1067302,53938.0,503000.0,449062.0
1.1122639,53326.0,482000.0,428674.0
1.1178252,52722.0,468000.0,415278.0
1.1234143,52125.0,498000.0,445875.0
1.1290314,51535.0,484000.0,432465.0
1.1346765,50954.0,467000.0,416046.0
1.1403499,50381.0,470000.0,419619.0
1.1460517,49813.0,451000.0,401187.0
1.1517819,49254.0,462000.0,412746.0
1.1575408,48700.0,439000.0,390300.0
1.1633285,48154.0,469000.0,420846.0
1.1691452,47615.0,444000.0,396385.0
1.1749909,47082.0,435000.0,387918.0
1.1808659,46557.0,433000.0,386443.0
1.1867702,46038.0,430000.0,383962.0
1.192704,45525.0,422000.0,376475.0
1.1986676,45019.0,423000.0,377981.0
1.2046609,44519.0,427000.0,382481.0
1.2106842,44025.0,427000.0,382975.0
1.2167376,43537.0,414000.0,370463.0
1.2228213,43056.0,411000.0,367944.0
1.2289354,42580.0,400000.0,357420.0
1.2350801,42111.0,416000.0,373889.0
1.2412555,41646.0,404000.0,362354.0
1.2474618,41188.0,378000.0,336812.0
1.2536991,40735.0,383000.0,342265.0
1.2599676,40289.0,397000.0,356711.0
1.2662674,39847.0,377000.0,337153.0
1.2725988,39411.0,356000.0,316589.0
1.2789618,38980.0,353000.0,314020.0
1.2853566,38554.0,366000.0,327446.0
1.2917833,38133.0,356000.0,317867.0
1.2982423,37718.0,363000.0,325282.0
1.3047335,37309.0,362000.0,324691.0
1.3112571,36904.0,355000.0,318096.0
1.3178134,36502.0,347000.0,310498.0
1.3244025,36106.0,349000.0,312894.0
1.3310245,35717.0,339000.0,303283.0
1.3376796,35331.0,331000.0,295669.0
1.344368,34950.0,322000.0,287050.0
1.3510899,34572.0,333000.0,298428.0
1.3578453,34202.0,335000.0,300798.0
1.3646345,33833.0,320000.0,286167.0
1.3714577,33470.0,318000.0,284530.0
1.378315,33111.0,319000.0,285889.0
1.3852066,32758.0,305000.0,272242.0
1.3921326,32407.0,309000.0,276593.0
1.3990933,32061.0,313000.0,280939.0
1.4060887,31720.0,299000.0,267280.0
1.4131192,31382.0,302000.0,270618.0
1.4201848,31048.0,300000.0,268952.0
1.4272857,30718.0,286000.0,255282.0
1.4344221,30392.0,296000.0,265608.0
1.4415942,30069.0,297000.0,266931.0
1.4488022,29751.0,272000.0,242249.0
1.4560462,29436.0,299000.0,269564.0
1.4633265,29126.0,282000.0,252874.0
1.4706431,28819.0,274000.0,245181.0
1.4779963,28516.0,273000.0,244484.0
1.4853863,28217.0,265000.0,236783.0
1.4928132,27919.0,259000.0,231081.0
1.5002773,27626.0,258000.0,230374.0
1.5077787,27337.0,251000.0,223663.0
1.5153176,27051.0,258000.0,230949.0
1.5228942,26769.0,262000.0,235231.0
1.5305086,26489.0,246000.0,219511.0
1.5381612,26213.0,247000.0,220787.0
1.545852,25939.0,256000.0,230061.0
1.5535812,25671.0,239000.0,213329.0
1.5613491,25405.0,246000.0,220595.0
1.5691559,25140.0,241000.0,215860.0
1.5770017,24880.0,230000.0,205120.0
1.5848867,24623.0,232000.0,207377.0
1.5928111,24368.0,222000.0,197632.0
1.6007752,24117.0,232000.0,207883.0
1.608779,23868.0,226000.0,202132.0
1.6168229,23623.0,229000.0,205377.0
1.624907,23380.0,218000.0,194620.0
1.6330316,23141.0,219000.0,195859.0
1.6411967,22903.0,220000.0,197097.0
1.6494027,22670.0,215000.0,192330.0
1.6576497,22436.0,213000.0,190564.0
1.665938,22209.0,212000.0,189791.0
1.6742677,21981.0,209000.0,187019.0
1.682639,21757.0,197000.0,175243.0
1.6910522,21537.0,204000.0,182463.0
1.6995075,21317.0,199000.0,177683.0
1.708005,21097.0,203000.0,181903.0
1.716545,20879.0,202000.0,181121.0
1.7251278,20663.0,189000.0,168337.0
1.7337534,20448.0,196000.0,175552.0
1.7424222,20236.0,192000.0,171764.0
1.7511343,20028.0,187000.0,166972.0
1.7598899,19821.0,187000.0,167179.0
1.7686894,19617.0,177000.0,157383.0
1.7775328,19416.0,180000.0,160584.0
1.7864205,19215.0,173000.0,153785.0
1.7953526,19018.0,169000.0,149982.0
1.8043294,18823.0,172000.0,153177.0
1.8088491,18726.0,172000.0,153274.0
1.809551,62764.0,161000.0,98236.0
1.813351,62445.0,508000.0,445555.0
1.8224178,61698.0,518000.0,456302.0
1.8315299,60959.0,514000.0,453041.0
1.8406875,60230.0,496000.0,435770.0
1.8498909,59510.0,498000.0,438490.0
1.8591404,58797.0,482000.0,423203.0
1.8684361,58095.0,479000.0,420905.0
1.8709394,57908.0,491000.0,433092.0
1.8722607,85848.0,498000.0,412152.0
1.8777783,85233.0,619000.0,533767.0
1.8871672,84200.0,609000.0,524800.0
1.896603,83181.0,625000.0,541819.0
1.906086,82174.0,589000.0,506826.0
1.9156165,81180.0,612000.0,530820.0
1.9251945,80197.0,633000.0,552803.0
1.9348205,79228.0,624000.0,544772.0
1.9444946,78269.0,629000.0,550731.0
1.9542171,77324.0,626000.0,548676.0
1.9639882,76389.0,643000.0,566611.0
1.9738081,75465.0,625000.0,549535.0
1.9836772,74552.0,630000.0,555448.0
1.9935955,73649.0,634000.0,560351.0
2.0035635,72757.0,625000.0,552243.0
2.0135813,71877.0,636000.0,564123.0
2.0236492,71009.0,601000.0,529991.0
2.0337675,70150.0,597000.0,526850.0
2.0439363,69302.0,613000.0,543698.0
2.054156,68465.0,601000.0,532535.0
2.0644268,67637.0,600000.0,532363.0
2.0747489,66820.0,586000.0,519180.0
2.0851227,66012.0,570000.0,503988.0
2.0955483,65217.0,562000.0,496783.0
2.106026,64429.0,561000.0,496571.0
2.1165562,63651.0,549000.0,485349.0
2.1271389,62883.0,548000.0,485117.0
2.1377746,62125.0,552000.0,489875.0
2.1484635,61376.0,538000.0,476624.0
2.1592058,60637.0,510000.0,449363.0
2.1700018,59905.0,524000.0,464095.0
2.1808519,59183.0,519000.0,459817.0
2.1917561,58471.0,525000.0,466529.0
2.2027149,57767.0,509000.0,451233.0
2.2137285,57072.0,490000.0,432928.0
2.2247971,56385.0,494000.0,437615.0
2.2359211,55706.0,490000.0,434294.0
2.2471007,55036.0,478000.0,422964.0
2.2583362,54374.0,481000.0,426626.0
2.2696279,53720.0,466000.0,412280.0
2.2786505,53206.0,457000.0,403794.0
2.280976,53075.0,460000.0,406925.0
2.2833493,62283.0,527000.0,464717.0
2.2923809,61656.0,512000.0,450344.0
2.3038428,60870.0,523000.0,462130.0
2.315362,60096.0,509000.0,448904.0
2.3269388,59332.0,512000.0,452668.0
2.3385735,58577.0,519000.0,460423.0
2.3502664,57832.0,491000.0,433168.0
2.3620177,57087.0,485000.0,427913.0
2.3738278,56348.0,481000.0,424652.0
2.385697,55617.0,473000.0,417383.0
2.3976254,54912.0,482000.0,427088.0
2.4096136,54247.0,462000.0,407753.0
2.4216616,53592.0,460000.0,406408.0
2.4337699,52946.0,441000.0,388054.0
2.4459388,52303.0,442000.0,389697.0
2.4581685,51670.0,450000.0,398330.0
2.4704593,51047.0,434000.0,382953.0
2.4828116,50431.0,440000.0,389569.0
2.4952257,49827.0,430000.0,380173.0
2.5077018,49230.0,421000.0,371770.0
2.5202403,48642.0,429000.0,380358.0
2.5328415,48063.0,400000.0,351937.0
2.5455057,47492.0,415000.0,367508.0
2.5582333,46930.0,405000.0,358070.0
2.5710244,46374.0,400000.0,353626.0
2.5716555,46347.0,396000.0,349653.0
2.5781443,49313.0,420000.0,370687.0
2.5838796,49043.0,417000.0,367957.0
2.596799,48443.0,399000.0,350557.0
2.6097829,47850.0,401000.0,353150.0
2.6228319,47268.0,411000.0,363732.0
2.635946,46692.0,391000.0,344308.0
2.6491257,46125.0,386000.0,339875.0
2.6623714,45565.0,387000.0,341435.0
2.6756832,45011.0,383000.0,337989.0
2.6890617,44465.0,382000.0,337535.0
2.702507,43929.0,364000.0,320071.0
2.7160195,43421.0,373000.0,329579.0
2.7295996,42921.0,364000.0,321079.0
2.7432476,42429.0,356000.0,313571.0
2.7569638,41945.0,354000.0,312055.0
2.7707486,41466.0,355000.0,313534.0
2.7846024,40995.0,353000.0,312005.0
2.7985254,40530.0,349000.0,308470.0
2.812518,40071.0,329000.0,288929.0
2.8140455,40022.0,340000.0,299978.0
2.8251547,41445.0,337000.0,295555.0
2.8265806,41398.0,354000.0,312602.0
2.8407135,40937.0,348000.0,307063.0
2.8549171,40482.0,362000.0,321518.0
2.8691917,40030.0,331000.0,290970.0
2.8835376,39586.0,345000.0,305414.0
2.8979553,39146.0,330000.0,290854.0
2.9124451,38710.0,326000.0,287290.0
2.9270073,38282.0,321000.0,282718.0
2.9416424,37855.0,310000.0,272145.0
2.9563506,37434.0,308000.0,270566.0
2.9711323,37019.0,310000.0,272981.0
2.985988,36610.0,298000.0,261390.0
3.0009179,36203.0,308000.0,271797.0
3.0159225,35767.0,289000.0,253233.0
3.0310021,35336.0,301000.0,265664.0
3.0461571,34912.0,297000.0,262088.0
3.0613879,34491.0,284000.0,249509.0
3.0766949,34076.0,285000.0,250924.0
3.0920783,33665.0,284000.0,250335.0
3.1075387,33260.0,280000.0,246740.0
3.1230764,32858.0,282000.0,249142.0
3.1386918,32463.0,272000.0,239537.0
3.1543853,32073.0,264000.0,231927.0
3.1701572,31687.0,262000.0,230313.0
3.186008,31305.0,263000.0,231695.0
3.201938,30926.0,258000.0,227074.0
3.2179477,30554.0,245000.0,214446.0
3.2340374,30185.0,247000.0,216815.0
3.2502076,29822.0,245000.0,215178.0
3.2664587,29461.0,253000.0,223539.0
3.282791,29106.0,234000.0,204894.0
3.2992049,28757.0,237000.0,208243.0
3.3157009,28410.0,241000.0,212590.0
3.3322794,28066.0,240000.0,211934.0
3.3489408,27728.0,234000.0,206272.0
3.3656856,27392.0,234000.0,206608.0
3.382514,27061.0,220000.0,192939.0
3.3994265,26734.0,226000.0,199266.0
3.4164237,26410.0,217000.0,190590.0
3.4335058,26092.0,216000.0,189908.0
3.4506733,25775.0,220000.0,194225.0
3.4679267,25464.0,212000.0,186536.0
3.4852663,25156.0,213000.0,187844.0
3.5026927,24853.0,60200.0,35347.0
3.5202061,24552.0,65200.0,40648.0
3.5378072,24256.0,63100.0,38844.0
3.5554962,23963.0,63300.0,39337.0
3.5732737,23675.0,60500.0,36825.0
3.59114,23390.0,57400.0,34010.0
3.6090957,23108.0,59200.0,36092.0
3.6271412,22824.0,58900.0,36076.0
3.6452769,22540.0,58700.0,36160.0
3.6635033,22261.0,56700.0,34439.0
3.6818208,21985.0,56900.0,34915.0
3.7002299,21711.0,57600.0,35889.0
3.7187311,21442.0,53500.0,32058.0
3.7373247,21176.0,55000.0,33824.0
3.7560114,20910.0,51700.0,30790.0
3.7747914,20645.0,53500.0,32855.0
3.7936654,20383.0,49700.0,29317.0
3.8126337,20126.0,51300.0,31174.0
3.8316969,19871.0,51200.0,31329.0
3.8508554,19620.0,48200.0,28580.0
3.8701096,19373.0,50000.0,30627.0
3.8894602,19130.0,47700.0,28570.0
3.9089075,18889.0,49400.0,30511.0
3.928452,18652.0,46300.0,27648.0
3.9480943,18418.0,46100.0,27682.0
3.9678347,18187.0,42900.0,24713.0
3.9876739,17959.0,46600.0,28641.0
4.055024,17216.0,44200.0,26984.0
4.334821,14570.0,37000.0,22430.0
4.633924,12344.0,29700.0,17356.0
4.953664,10429.0,22900.0,12471.0
5.295467,8813.5,19000.0,10186.5
5.660855,7449.8,15900.0,8450.2
6.051453,6301.8,2880.0,3421.8
6.469004,5339.5,2880.0,2459.5
6.915365,4531.8,2200.0,2331.8
7.392525,3853.1,1620.0,2233.1
7.902609,3280.2,1450.0,1830.1999999999998
8.44789,2785.4,1190.0,1595.4
9.030794,2360.0,821.0,1539.0
9.653919,1978.8,852.0,1126.8
10.00266,1802.1,692.0,1110.1
10.15577,1730.6,761.0,969.5999999999999
10.19659,1712.2,581.0,1131.2
10.25783,4531.3,2340.0,2191.3
10.32004,4444.4,2130.0,2314.3999999999996
10.41094,4321.1,2330.0,1991.1000000000004
11.03212,3622.8,1860.0,1762.8000000000002
11.31312,3375.0,1770.0,1605.0
11.48628,3235.6,1840.0,1395.6
11.53246,3199.9,1470.0,1729.9
11.60172,4373.8,2440.0,1933.8000000000002
11.77488,4201.8,2240.0,1961.8000000000002
11.79334,4184.0,2170.0,2014.0
11.8578,4123.1,2270.0,1853.1000000000004
12.0393,3958.4,2040.0,1918.4
12.0877,3916.0,2250.0,1666.0
12.1603,4458.3,2520.0,1938.3000000000002
12.3418,4296.2,2410.0,1886.1999999999998
12.60708,4074.6,2040.0,2034.6
13.47697,3447.6,1730.0,1717.6
14.40688,2907.4,1270.0,1637.4
15.40095,2449.4,1220.0,1229.4
16.46362,2059.5,1070.0,989.5
17.59961,1731.6,378.0,1353.6
18.81398,1456.5,207.0,1249.5
20.11215,1226.2,108.0,1118.2
21.49988,1031.9,90.0,941.9000000000001
22.98338,868.94,46.0,822.94
24.56923,731.45,59.5,671.95
26.2645,615.67,17.7,597.9699999999999
28.07676,514.75,11.3,503.45
30.01405,429.81,11.9,417.91
32.08502,359.39,10.8,348.59
34.29889,300.87,6.4,294.47
36.66551,252.19,5.65,246.54
39.19543,211.7,1.13,210.57
41.89992,177.94,9.43,168.51
44.79101,149.71,4.78,144.93
47.88159,125.93,8.73,117.2
51.18542,106.02,20.2,85.82
54.71721,89.118,26.5,62.617999999999995
58.4927,74.921,12.8,62.12100000000001
62.5287,63.082,12.7,50.382000000000005
66.84318,53.208,28.7,24.508
68.1345,50.693,17.0,33.693
69.17738,48.788,22.2,26.587999999999997
69.45548,48.298,43.6,4.698
69.87263,211.61,27.9,183.71
70.9155,204.02,28.3,175.72
71.45536,200.26,31.2,169.06
76.38578,169.24,29.1,140.14000000000001
81.6564,142.58,48.1,94.48000000000002
87.29069,120.14,42.7,77.44
93.31374,101.16,30.4,70.75999999999999
99.75239,85.067,34.1,50.96699999999999
106.6353,71.601,3.01,68.591
113.9931,60.328,3.63,56.698
121.8587,50.886,2.94,47.946000000000005
130.2669,42.977,3.85,39.126999999999995
139.2553,36.346,3.55,32.796
148.864,30.693,3.13,27.563000000000002
159.1356,25.968,2.74,23.228
170.1159,22.017,3.75,18.267
181.8539,18.709,4.39,14.318999999999999
194.4018,15.939,4.69,11.248999999999999
207.8156,13.617,1290.0,1276.383
222.1548,11.67,1190.0,1178.33
237.4835,10.035,975.0,964.965
253.8699,8.6616,813.0,804.3384
271.3869,7.506,677.0,669.494
290.1126,6.5321,587.0,580.4679
310.1304,5.7225,526.0,520.2775
331.5294,5.0495,488.0,482.9505
354.4049,4.4753,393.0,388.5247
378.8588,3.9841,350.0,346.0159
405.0001,3.5634,313.0,309.4366
432.9451,3.2015,271.0,267.7985
